id,ageSc,amountSc,fprSc,age_sr,amount_sr,fpr_sr,app_date_sr
1,10,2,7,"(24,29]","[1.4e+04,1.5e+04)","[0.4,0.5)",2017-12-11~2017-12-18
2,7,1,10,"(0,24]","[6e+03,7e+03)","[0.2,0.3)",2017-12-11~2017-12-18
3,3,2,9,"(0,24]","[5e+03,6e+03)","[0.2,0.3)",2017-12-11~2017-12-18
4,9,7,6,"(0,24]","[5e+03,6e+03)","[0.2,0.3)",2017-12-11~2017-12-18
5,3,3,2,"(24,29]","[6e+03,7e+03)","[0.2,0.3)",2017-12-11~2017-12-18
6,2,6,6,"(24,29]","[5e+03,6e+03)","[0.2,0.3)",2017-12-11~2017-12-18
7,8,1,5,"(0,24]","[6e+03,7e+03)","[0.2,0.3)",2017-12-11~2017-12-18
8,1,2,6,"(41,47]","[1.4e+04,1.5e+04)","[0.3,0.4)",2017-12-11~2017-12-18
9,6,9,7,"(24,29]","[9e+03,1e+04)","[0.5,0.6)",2017-12-11~2017-12-18
10,10,9,3,"(0,24]","[1.2e+04,1.3e+04)","[0.3,0.4)",2017-12-11~2017-12-18
11,6,5,1,"(29,41]","[5e+03,6e+03)","[0.4,0.5)",2017-12-11~2017-12-18
12,7,5,7,"(50,Inf]","[6e+03,7e+03)","[0.2,0.3)",2017-12-11~2017-12-18
13,9,5,2,"(0,24]","[4e+03,5e+03)","[0.2,0.3)",2017-12-11~2017-12-18
14,4,4,3,"(0,24]","[7e+03,8e+03)","[0.2,0.3)",2017-12-11~2017-12-18
15,1,1,5,"(0,24]","[7e+03,8e+03)","[0.4,0.5)",2017-12-11~2017-12-18
16,1,8,7,"(24,29]","[5e+03,6e+03)","[0.3,0.4)",2017-12-11~2017-12-18
17,10,9,10,"(0,24]","[4e+03,5e+03)","[0.2,0.3)",2017-12-11~2017-12-18
18,7,3,10,"(41,47]","[4e+03,5e+03)","[0.2,0.3)",2017-12-11~2017-12-18
19,10,9,1,"(29,41]","[4e+03,5e+03)","[0.2,0.3)",2017-12-11~2017-12-18
20,3,8,5,"(29,41]","[6e+03,7e+03)","[0.3,0.4)",2017-12-11~2017-12-18
21,8,7,9,"(0,24]","[5e+03,6e+03)","[0.3,0.4)",2017-12-11~2017-12-18
22,7,5,2,"(24,29]","[4e+03,5e+03)","[0.2,0.3)",2017-12-11~2017-12-18
23,8,3,1,"(0,24]","[8e+03,9e+03)","[0.4,0.5)",2017-12-11~2017-12-18
24,6,4,8,"(41,47]","[7e+03,8e+03)","[0.4,0.5)",2017-12-11~2017-12-18
25,3,9,1,"(29,41]","[1.4e+04,1.5e+04)","[0.3,0.4)",2017-12-11~2017-12-18
26,6,1,8,"(50,Inf]","[1.4e+04,1.5e+04)","[0.3,0.4)",2017-12-11~2017-12-18
27,8,4,5,"(24,29]","[4e+03,5e+03)","[0.2,0.3)",2017-12-11~2017-12-18
28,4,5,7,"(29,41]","[1.3e+04,1.4e+04)","[0.4,0.5)",2017-12-11~2017-12-18
29,2,8,4,"(0,24]","[9e+03,1e+04)","[0.3,0.4)",2017-12-11~2017-12-18
30,6,7,9,"(0,24]","[7e+03,8e+03)","[0.4,0.5)",2017-12-11~2017-12-18
31,10,6,1,"(0,24]","[4e+03,5e+03)","[0.1,0.2)",2017-12-11~2017-12-18
32,6,7,7,"(0,24]","[4e+03,5e+03)","[0.2,0.3)",2017-12-11~2017-12-18
33,1,2,1,"(29,41]","[4e+03,5e+03)","[0.2,0.3)",2017-12-11~2017-12-18
34,4,10,2,"(24,29]","[2e+03,3e+03)","[0.1,0.2)",2017-12-11~2017-12-18
35,1,9,2,"(29,41]","[5e+03,6e+03)","[0.2,0.3)",2017-12-11~2017-12-18
36,5,9,2,"(24,29]","[9e+03,1e+04)","[0.6,0.7)",2017-12-11~2017-12-18
37,9,10,9,"(0,24]","[2e+03,3e+03)","[0.1,0.2)",2017-12-11~2017-12-18
38,4,2,7,"(29,41]","[3e+03,4e+03)","[0.1,0.2)",2017-12-11~2017-12-18
39,7,8,9,"(24,29]","[3e+03,4e+03)","[0.1,0.2)",2017-12-11~2017-12-18
40,10,1,3,"(24,29]","[5e+03,6e+03)","[0.3,0.4)",2017-12-11~2017-12-18
41,4,5,2,"(29,41]","[1e+03,2e+03)","[0.2,0.3)",2017-12-11~2017-12-18
42,10,2,4,"(24,29]","[3e+03,4e+03)","[0.1,0.2)",2017-12-11~2017-12-18
43,10,2,6,"(0,24]","[1e+03,2e+03)","[0.2,0.3)",2017-12-11~2017-12-18
44,2,2,4,"(24,29]","[6e+03,7e+03)","[0.3,0.4)",2017-12-11~2017-12-18
45,3,4,3,"(29,41]","[5e+03,6e+03)","[0.3,0.4)",2017-12-11~2017-12-18
46,8,5,3,"(24,29]","[4e+03,5e+03)","[0.2,0.3)",2017-12-11~2017-12-18
47,4,6,6,"(0,24]","[6e+03,7e+03)","[0.2,0.3)",2017-12-11~2017-12-18
48,8,7,2,"(29,41]","[2e+03,3e+03)","[0.1,0.2)",2017-12-11~2017-12-18
49,6,7,3,"(29,41]","[4e+03,5e+03)","[0.2,0.3)",2017-12-11~2017-12-18
50,7,7,4,"(0,24]","[5e+03,6e+03)","[0.3,0.4)",2017-12-11~2017-12-18
51,6,5,5,"(29,41]","[4e+03,5e+03)","[0.2,0.3)",2017-12-11~2017-12-18
52,8,3,9,"(0,24]","[6e+03,7e+03)","[0.2,0.3)",2017-12-11~2017-12-18
53,8,8,3,"(0,24]","[6e+03,7e+03)","[0.3,0.4)",2017-12-11~2017-12-18
54,5,7,4,"(0,24]","[5e+03,6e+03)","[0.2,0.3)",2017-12-11~2017-12-18
55,5,10,10,"(0,24]","[6e+03,7e+03)","[0.2,0.3)",2017-12-11~2017-12-18
56,6,1,7,"(29,41]","[4e+03,5e+03)","[0.2,0.3)",2017-12-11~2017-12-18
57,5,7,8,"(29,41]","[8e+03,9e+03)","[0.4,0.5)",2017-12-11~2017-12-18
58,1,2,8,"(41,47]","[3e+03,4e+03)","[0.1,0.2)",2017-12-11~2017-12-18
59,8,2,6,"(29,41]","[6e+03,7e+03)","[0.4,0.5)",2017-12-11~2017-12-18
60,5,4,4,"(29,41]","[6e+03,7e+03)","[0.3,0.4)",2017-12-11~2017-12-18
61,10,10,8,"(0,24]","[3e+03,4e+03)","[0.2,0.3)",2017-12-11~2017-12-18
62,2,10,8,"(29,41]","[6e+03,7e+03)","[0.2,0.3)",2017-12-11~2017-12-18
63,7,5,8,"(29,41]","[4e+03,5e+03)","[0.2,0.3)",2017-12-11~2017-12-18
64,7,4,10,"(29,41]","[6e+03,7e+03)","[0.2,0.3)",2017-12-11~2017-12-18
65,9,7,4,"(24,29]","[5e+03,6e+03)","[0.3,0.4)",2017-12-11~2017-12-18
66,8,9,2,"(24,29]","[3e+03,4e+03)","[0.2,0.3)",2017-12-11~2017-12-18
67,1,10,5,"(24,29]","[4e+03,5e+03)","[0.2,0.3)",2017-12-11~2017-12-18
68,8,1,1,"(47,50]","[5e+03,6e+03)","[0.2,0.3)",2017-12-11~2017-12-18
69,2,5,10,"(0,24]","[6e+03,7e+03)","[0.3,0.4)",2017-12-11~2017-12-18
70,4,1,2,"(24,29]","[4e+03,5e+03)","[0.2,0.3)",2017-12-11~2017-12-18
71,2,7,8,"(29,41]","[6e+03,7e+03)","[0.4,0.5)",2017-12-11~2017-12-18
72,9,9,7,"(0,24]","[5e+03,6e+03)","[0.2,0.3)",2017-12-11~2017-12-18
73,7,1,1,"(0,24]","[2e+03,3e+03)","[0.2,0.3)",2017-12-11~2017-12-18
74,9,5,8,"(29,41]","[4e+03,5e+03)","[0.2,0.3)",2017-12-11~2017-12-18
75,7,4,2,"(24,29]","[9e+03,1e+04)","[0.5,0.6)",2017-12-11~2017-12-18
76,10,1,5,"(24,29]","[4e+03,5e+03)","[0.2,0.3)",2017-12-11~2017-12-18
77,5,2,5,"(47,50]","[3e+03,4e+03)","[0.1,0.2)",2017-12-11~2017-12-18
78,1,5,5,"(29,41]","[6e+03,7e+03)","[0.2,0.3)",2017-12-11~2017-12-18
79,10,10,3,"(0,24]","[6e+03,7e+03)","[0.2,0.3)",2017-12-11~2017-12-18
80,8,3,5,"(41,47]","[4e+03,5e+03)","[0.1,0.2)",2017-12-11~2017-12-18
81,7,8,9,"(24,29]","[6e+03,7e+03)","[0.4,0.5)",2017-12-11~2017-12-18
82,1,1,6,"(41,47]","[5e+03,6e+03)","[0.3,0.4)",2017-12-11~2017-12-18
83,6,9,6,"(29,41]","[5e+03,6e+03)","[0.2,0.3)",2017-12-11~2017-12-18
84,5,3,1,"(0,24]","[8e+03,9e+03)","[0.5,0.6)",2017-12-11~2017-12-18
85,1,5,6,"(0,24]","[1e+03,2e+03)","[0.1,0.2)",2017-12-11~2017-12-18
86,7,6,3,"(0,24]","[4e+03,5e+03)","[0.2,0.3)",2017-12-11~2017-12-18
87,2,1,2,"(47,50]","[5e+03,6e+03)","[0.3,0.4)",2017-12-11~2017-12-18
88,1,3,8,"(29,41]","[3e+03,4e+03)","[0.1,0.2)",2017-12-11~2017-12-18
89,7,6,5,"(0,24]","[6e+03,7e+03)","[0.2,0.3)",2017-12-11~2017-12-18
90,1,5,3,"(29,41]","[6e+03,7e+03)","[0.4,0.5)",2017-12-11~2017-12-18
91,3,3,4,"(24,29]","[5e+03,6e+03)","[0.2,0.3)",2017-12-11~2017-12-18
92,1,6,10,"(41,47]","[4e+03,5e+03)","[0.1,0.2)",2017-12-11~2017-12-18
93,5,10,6,"(41,47]","[3e+03,4e+03)","[0.1,0.2)",2017-12-11~2017-12-18
94,4,5,2,"(24,29]","[3e+03,4e+03)","[0.1,0.2)",2017-12-11~2017-12-18
95,7,6,3,"(24,29]","[6e+03,7e+03)","[0.4,0.5)",2017-12-11~2017-12-18
96,6,5,5,"(29,41]","[5e+03,6e+03)","[0.2,0.3)",2017-12-11~2017-12-18
97,7,3,6,"(24,29]","[6e+03,7e+03)","[0.2,0.3)",2017-12-11~2017-12-18
98,4,2,1,"(24,29]","[4e+03,5e+03)","[0.2,0.3)",2017-12-11~2017-12-18
99,3,10,3,"(41,47]","[4e+03,5e+03)","[0.2,0.3)",2017-12-11~2017-12-18
100,8,8,9,"(29,41]","[6e+03,7e+03)","[0.4,0.5)",2017-12-11~2017-12-18
101,3,7,4,"(24,29]","[3e+03,4e+03)","[0.1,0.2)",2017-12-11~2017-12-18
102,9,3,4,"(41,47]","[4e+03,5e+03)","[0.2,0.3)",2017-12-11~2017-12-18
103,6,2,2,"(0,24]","[6e+03,7e+03)","[0.2,0.3)",2017-12-11~2017-12-18
104,1,5,7,"(0,24]","[5e+03,6e+03)","[0.2,0.3)",2017-12-11~2017-12-18
105,6,5,8,"(29,41]","[6e+03,7e+03)","[0.3,0.4)",2017-12-11~2017-12-18
106,5,5,5,"(29,41]","[3e+03,4e+03)","[0,0.1)",2017-12-11~2017-12-18
107,3,10,4,"(29,41]","[3e+03,4e+03)","[0,0.1)",2017-12-11~2017-12-18
108,4,6,1,"(47,50]","[2e+03,3e+03)","[0,0.1)",2017-12-11~2017-12-18
109,8,9,2,"(0,24]","[3e+03,4e+03)","[0,0.1)",2017-12-11~2017-12-18
110,1,4,2,"(41,47]","[6e+03,7e+03)","[0.2,0.3)",2017-12-11~2017-12-18
111,5,3,9,"(41,47]","[6e+03,7e+03)","[0.3,0.4)",2017-12-11~2017-12-18
112,4,6,10,"(0,24]","[8e+03,9e+03)","[0.3,0.4)",2017-12-11~2017-12-18
113,7,10,4,"(0,24]","[6e+03,7e+03)","[0.2,0.3)",2017-12-11~2017-12-18
114,7,1,9,"(29,41]","[6e+03,7e+03)","[0.2,0.3)",2017-12-11~2017-12-18
115,1,6,9,"(24,29]","[8e+03,9e+03)","[0.3,0.4)",2017-12-11~2017-12-18
116,3,6,9,"(29,41]","[6e+03,7e+03)","[0.2,0.3)",2017-12-11~2017-12-18
117,2,3,10,"(29,41]","[7e+03,8e+03)","[0.3,0.4)",2017-12-11~2017-12-18
118,3,9,10,"(0,24]","[7e+03,8e+03)","[0.2,0.3)",2017-12-11~2017-12-18
119,2,2,8,"(0,24]","[7e+03,8e+03)","[0.2,0.3)",2017-12-11~2017-12-18
120,5,3,5,"(0,24]","[7e+03,8e+03)","[0.2,0.3)",2017-12-11~2017-12-18
121,4,5,6,"(41,47]","[4e+03,5e+03)","[0.2,0.3)",2017-12-11~2017-12-18
122,7,10,3,"(0,24]","[9e+03,1e+04)","[0.4,0.5)",2017-12-11~2017-12-18
123,6,2,4,"(0,24]","[8e+03,9e+03)","[0.3,0.4)",2017-12-11~2017-12-18
124,7,8,1,"(24,29]","[6e+03,7e+03)","[0.3,0.4)",2017-12-11~2017-12-18
125,7,9,10,"(24,29]","[8e+03,9e+03)","[0.2,0.3)",2017-12-11~2017-12-18
126,9,2,3,"(24,29]","[4e+03,5e+03)","[0.2,0.3)",2017-12-11~2017-12-18
127,2,5,9,"(0,24]","[6e+03,7e+03)","[0.3,0.4)",2017-12-11~2017-12-18
128,9,2,3,"(24,29]","[4e+03,5e+03)","[0.2,0.3)",2017-12-11~2017-12-18
129,3,10,7,"(29,41]","[9e+03,1e+04)","[0.3,0.4)",2017-12-11~2017-12-18
130,4,10,7,"(29,41]","[6e+03,7e+03)","[0.2,0.3)",2017-12-11~2017-12-18
131,10,1,8,"(24,29]","[7e+03,8e+03)","[0.3,0.4)",2017-12-11~2017-12-18
132,5,9,3,"(24,29]","[1.2e+04,1.3e+04)","[0.5,0.6)",2017-12-11~2017-12-18
133,8,2,3,"(29,41]","[5e+03,6e+03)","[0.1,0.2)",2017-12-11~2017-12-18
134,5,5,6,"(24,29]","[6e+03,7e+03)","[0.1,0.2)",2017-12-11~2017-12-18
135,10,9,9,"(24,29]","[7e+03,8e+03)","[0.5,0.6)",2017-12-11~2017-12-18
136,10,5,9,"(41,47]","[1.1e+04,1.2e+04)","[0.4,0.5)",2017-12-11~2017-12-18
137,7,4,5,"(29,41]","[7e+03,8e+03)","[0.3,0.4)",2017-12-11~2017-12-18
138,5,2,1,"(0,24]","[7e+03,8e+03)","[0.2,0.3)",2017-12-11~2017-12-18
139,6,5,10,"(0,24]","[5e+03,6e+03)","[0.4,0.5)",2017-12-11~2017-12-18
140,10,1,7,"(29,41]","[9e+03,1e+04)","[0.3,0.4)",2017-12-11~2017-12-18
141,6,6,10,"(29,41]","[4e+03,5e+03)","[0.2,0.3)",2017-12-11~2017-12-18
142,2,10,3,"(24,29]","[1e+03,2e+03)","[0.1,0.2)",2017-12-11~2017-12-18
143,9,1,6,"(41,47]","[6e+03,7e+03)","[0.2,0.3)",2017-12-11~2017-12-18
144,2,3,8,"(0,24]","[6e+03,7e+03)","[0.4,0.5)",2017-12-11~2017-12-18
145,1,7,8,"(0,24]","[7e+03,8e+03)","[0.5,0.6)",2017-12-11~2017-12-18
146,2,5,3,"(0,24]","[3e+03,4e+03)","[0.1,0.2)",2017-12-11~2017-12-18
147,4,5,10,"(0,24]","[3e+03,4e+03)","[0.1,0.2)",2017-12-11~2017-12-18
148,3,9,9,"(0,24]","[6e+03,7e+03)","[0.2,0.3)",2017-12-11~2017-12-18
149,10,9,1,"(29,41]","[2e+03,3e+03)","[0,0.1)",2017-12-11~2017-12-18
150,8,5,7,"(0,24]","[4e+03,5e+03)","[0.2,0.3)",2017-12-11~2017-12-18
151,8,1,10,"(41,47]","[3e+03,4e+03)","[0.1,0.2)",2017-12-11~2017-12-18
152,8,3,8,"(0,24]","[5e+03,6e+03)","[0.3,0.4)",2017-12-11~2017-12-18
153,2,10,10,"(29,41]","[5e+03,6e+03)","[0.2,0.3)",2017-12-11~2017-12-18
154,1,3,8,"(47,50]","[2e+03,3e+03)","[0.3,0.4)",2017-12-11~2017-12-18
155,6,4,7,"(41,47]","[6e+03,7e+03)","[0.3,0.4)",2017-12-11~2017-12-18
156,4,7,3,"(50,Inf]","[1e+03,2e+03)","[0.1,0.2)",2017-12-11~2017-12-18
157,3,8,1,"(29,41]","[5e+03,6e+03)","[0.2,0.3)",2017-12-11~2017-12-18
158,2,8,7,"(29,41]","[3e+03,4e+03)","[0.2,0.3)",2017-12-11~2017-12-18
159,6,2,10,"(24,29]","[6e+03,7e+03)","[0.2,0.3)",2017-12-11~2017-12-18
160,5,10,10,"(29,41]","[3e+03,4e+03)","[0.1,0.2)",2017-12-11~2017-12-18
161,9,1,4,"(29,41]","[3e+03,4e+03)","[0.2,0.3)",2017-12-11~2017-12-18
162,2,3,2,"(29,41]","[2e+03,3e+03)","[0,0.1)",2017-12-11~2017-12-18
163,7,4,6,"(0,24]","[7e+03,8e+03)","[0.2,0.3)",2017-12-11~2017-12-18
164,8,10,2,"(24,29]","[4e+03,5e+03)","[0.2,0.3)",2017-12-11~2017-12-18
165,8,5,10,"(24,29]","[3e+03,4e+03)","[0.1,0.2)",2017-12-11~2017-12-18
166,7,3,7,"(0,24]","[6e+03,7e+03)","[0.3,0.4)",2017-12-11~2017-12-18
167,1,8,5,"(50,Inf]","[1e+03,2e+03)","[0.1,0.2)",2017-12-11~2017-12-18
168,8,6,3,"(29,41]","[4e+03,5e+03)","[0.2,0.3)",2017-12-11~2017-12-18
169,7,6,9,"(0,24]","[2e+03,3e+03)","[0.3,0.4)",2017-12-11~2017-12-18
170,4,4,9,"(24,29]","[4e+03,5e+03)","[0.2,0.3)",2017-12-11~2017-12-18
171,1,8,2,"(47,50]","[3e+03,4e+03)","[0.1,0.2)",2017-12-11~2017-12-18
172,6,1,8,"(0,24]","[5e+03,6e+03)","[0.2,0.3)",2017-12-11~2017-12-18
173,8,4,6,"(29,41]","[5e+03,6e+03)","[0.3,0.4)",2017-12-11~2017-12-18
174,8,3,9,"(24,29]","[3e+03,4e+03)","[0.1,0.2)",2017-12-11~2017-12-18
175,3,10,9,"(41,47]","[5e+03,6e+03)","[0.2,0.3)",2017-12-11~2017-12-18
176,5,9,7,"(24,29]","[4e+03,5e+03)","[0.2,0.3)",2017-12-11~2017-12-18
177,9,1,3,"(0,24]","[2e+03,3e+03)","[0.2,0.3)",2017-12-11~2017-12-18
178,10,10,7,"(24,29]","[5e+03,6e+03)","[0.2,0.3)",2017-12-11~2017-12-18
179,9,7,9,"(29,41]","[2e+03,3e+03)","[0.1,0.2)",2017-12-11~2017-12-18
180,3,6,4,"(0,24]","[3e+03,4e+03)","[0.1,0.2)",2017-12-11~2017-12-18
181,5,9,10,"(0,24]","[5e+03,6e+03)","[0.1,0.2)",2017-12-11~2017-12-18
182,2,9,8,"(41,47]","[3e+03,4e+03)","[0.1,0.2)",2017-12-11~2017-12-18
183,8,6,8,"(47,50]","[3e+03,4e+03)","[0.1,0.2)",2017-12-11~2017-12-18
184,4,9,3,"(50,Inf]","[5e+03,6e+03)","[0.3,0.4)",2017-12-11~2017-12-18
185,5,3,5,"(24,29]","[8e+03,9e+03)","[0.4,0.5)",2017-12-11~2017-12-18
186,5,4,6,"(41,47]","[5e+03,6e+03)","[0.3,0.4)",2017-12-11~2017-12-18
187,8,3,9,"(47,50]","[6e+03,7e+03)","[0.2,0.3)",2017-12-11~2017-12-18
188,7,9,10,"(29,41]","[4e+03,5e+03)","[0.2,0.3)",2017-12-11~2017-12-18
189,6,6,8,"(24,29]","[4e+03,5e+03)","[0.2,0.3)",2017-12-11~2017-12-18
190,5,6,7,"(29,41]","[5e+03,6e+03)","[0.3,0.4)",2017-12-11~2017-12-18
191,2,4,1,"(29,41]","[4e+03,5e+03)","[0.2,0.3)",2017-12-11~2017-12-18
192,6,4,1,"(24,29]","[1e+03,2e+03)","[0.1,0.2)",2017-12-11~2017-12-18
193,10,6,8,"(47,50]","[4e+03,5e+03)","[0.2,0.3)",2017-12-11~2017-12-18
194,1,3,2,"(0,24]","[3e+03,4e+03)","[0.1,0.2)",2017-12-11~2017-12-18
195,5,9,4,"(24,29]","[6e+03,7e+03)","[0.2,0.3)",2017-12-11~2017-12-18
196,1,5,5,"(47,50]","[2e+03,3e+03)","[0.1,0.2)",2017-12-11~2017-12-18
197,5,6,3,"(0,24]","[2e+03,3e+03)","[0.1,0.2)",2017-12-11~2017-12-18
198,7,9,1,"(29,41]","[3e+03,4e+03)","[0.1,0.2)",2017-12-11~2017-12-18
199,5,6,7,"(24,29]","[3e+03,4e+03)","[0.2,0.3)",2017-12-11~2017-12-18
200,9,5,5,"(29,41]","[5e+03,6e+03)","[0.3,0.4)",2017-12-11~2017-12-18
201,3,3,2,"(24,29]","[7e+03,8e+03)","[0.3,0.4)",2017-12-11~2017-12-18
202,3,3,7,"(29,41]","[6e+03,7e+03)","[0.2,0.3)",2017-12-11~2017-12-18
203,1,6,10,"(24,29]","[6e+03,7e+03)","[0.2,0.3)",2017-12-11~2017-12-18
204,3,10,5,"(29,41]","[4e+03,5e+03)","[0.2,0.3)",2017-12-11~2017-12-18
205,7,9,8,"(24,29]","[4e+03,5e+03)","[0.2,0.3)",2017-12-11~2017-12-18
206,5,1,1,"(29,41]","[6e+03,7e+03)","[0.2,0.3)",2017-12-11~2017-12-18
207,10,4,9,"(0,24]","[7e+03,8e+03)","[0.2,0.3)",2017-12-11~2017-12-18
208,6,5,8,"(0,24]","[2e+03,3e+03)","[0.1,0.2)",2017-12-11~2017-12-18
209,10,4,10,"(0,24]","[4e+03,5e+03)","[0.2,0.3)",2017-12-11~2017-12-18
210,3,4,3,"(0,24]","[4e+03,5e+03)","[0.3,0.4)",2017-12-11~2017-12-18
211,2,10,2,"(0,24]","[3e+03,4e+03)","[0.1,0.2)",2017-12-11~2017-12-18
212,4,4,2,"(29,41]","[1e+03,2e+03)","[0.1,0.2)",2017-12-11~2017-12-18
213,2,4,5,"(29,41]","[5e+03,6e+03)","[0.2,0.3)",2017-12-11~2017-12-18
214,2,9,3,"(29,41]","[4e+03,5e+03)","[0.2,0.3)",2017-12-11~2017-12-18
215,9,8,5,"(24,29]","[5e+03,6e+03)","[0.3,0.4)",2017-12-11~2017-12-18
216,5,1,5,"(0,24]","[6e+03,7e+03)","[0.2,0.3)",2017-12-11~2017-12-18
217,5,4,8,"(29,41]","[6e+03,7e+03)","[0.3,0.4)",2017-12-11~2017-12-18
218,4,9,1,"(24,29]","[3e+03,4e+03)","[0.1,0.2)",2017-12-11~2017-12-18
219,5,1,3,"(41,47]","[4e+03,5e+03)","[0.2,0.3)",2017-12-11~2017-12-18
220,7,8,7,"(29,41]","[8e+03,9e+03)","[0.5,0.6)",2017-12-11~2017-12-18
221,2,9,9,"(24,29]","[6e+03,7e+03)","[0.2,0.3)",2017-12-11~2017-12-18
222,10,9,5,"(24,29]","[9e+03,1e+04)","[0.4,0.5)",2017-12-11~2017-12-18
223,1,3,10,"(24,29]","[6e+03,7e+03)","[0.3,0.4)",2017-12-11~2017-12-18
224,6,10,5,"(0,24]","[3e+03,4e+03)","[0.1,0.2)",2017-12-11~2017-12-18
225,9,8,7,"(29,41]","[5e+03,6e+03)","[0.3,0.4)",2017-12-11~2017-12-18
226,6,1,2,"(24,29]","[2e+03,3e+03)","[0.2,0.3)",2017-12-11~2017-12-18
227,9,8,9,"(24,29]","[9e+03,1e+04)","[0.4,0.5)",2017-12-11~2017-12-18
228,2,10,4,"(0,24]","[6e+03,7e+03)","[0.4,0.5)",2017-12-11~2017-12-18
229,3,7,6,"(41,47]","[5e+03,6e+03)","[0.3,0.4)",2017-12-11~2017-12-18
230,1,4,8,"(0,24]","[3e+03,4e+03)","[0.1,0.2)",2017-12-11~2017-12-18
231,1,8,1,"(29,41]","[3e+03,4e+03)","[0.1,0.2)",2017-12-11~2017-12-18
232,1,5,6,"(24,29]","[5e+03,6e+03)","[0.3,0.4)",2017-12-11~2017-12-18
233,3,3,2,"(47,50]","[2e+03,3e+03)","[0.2,0.3)",2017-12-11~2017-12-18
234,9,1,7,"(41,47]","[4e+03,5e+03)","[0.3,0.4)",2017-12-11~2017-12-18
235,6,5,5,"(47,50]","[6e+03,7e+03)","[0.2,0.3)",2017-12-11~2017-12-18
236,5,3,5,"(0,24]","[4e+03,5e+03)","[0.2,0.3)",2017-12-11~2017-12-18
237,4,1,5,"(0,24]","[4e+03,5e+03)","[0.5,0.6)",2017-12-11~2017-12-18
238,4,3,10,"(29,41]","[3e+03,4e+03)","[0.1,0.2)",2017-12-11~2017-12-18
239,7,5,9,"(47,50]","[2e+03,3e+03)","[0.1,0.2)",2017-12-11~2017-12-18
240,5,5,4,"(50,Inf]","[5e+03,6e+03)","[0.2,0.3)",2017-12-11~2017-12-18
241,5,7,9,"(0,24]","[3e+03,4e+03)","[0.2,0.3)",2017-12-11~2017-12-18
242,7,7,1,"(50,Inf]","[2e+03,3e+03)","[0.1,0.2)",2017-12-11~2017-12-18
243,6,2,9,"(24,29]","[6e+03,7e+03)","[0.3,0.4)",2017-12-11~2017-12-18
244,7,10,4,"(41,47]","[6e+03,7e+03)","[0.2,0.3)",2017-12-11~2017-12-18
245,7,7,2,"(29,41]","[7e+03,8e+03)","[0.2,0.3)",2017-12-11~2017-12-18
246,3,9,2,"(41,47]","[5e+03,6e+03)","[0.4,0.5)",2017-12-11~2017-12-18
247,8,9,2,"(41,47]","[2e+03,3e+03)","[0.1,0.2)",2017-12-11~2017-12-18
248,2,4,8,"(41,47]","[2e+03,3e+03)","[0.1,0.2)",2017-12-11~2017-12-18
249,9,2,1,"(41,47]","[6e+03,7e+03)","[0.2,0.3)",2017-12-11~2017-12-18
250,5,7,5,"(24,29]","[5e+03,6e+03)","[0.3,0.4)",2017-12-11~2017-12-18
251,4,8,5,"(0,24]","[4e+03,5e+03)","[0.3,0.4)",2017-12-11~2017-12-18
252,8,9,4,"(0,24]","[6e+03,7e+03)","[0.2,0.3)",2017-12-11~2017-12-18
253,1,5,9,"(29,41]","[2e+03,3e+03)","[0.1,0.2)",2017-12-11~2017-12-18
254,5,8,1,"(24,29]","[3e+03,4e+03)","[0.1,0.2)",2017-12-11~2017-12-18
255,2,10,3,"(29,41]","[5e+03,6e+03)","[0.3,0.4)",2017-12-11~2017-12-18
256,5,1,3,"(0,24]","[4e+03,5e+03)","[0.1,0.2)",2017-12-11~2017-12-18
257,2,8,8,"(29,41]","[2e+03,3e+03)","[0.1,0.2)",2017-12-11~2017-12-18
258,4,10,2,"(0,24]","[6e+03,7e+03)","[0.4,0.5)",2017-12-11~2017-12-18
259,9,3,7,"(0,24]","[3e+03,4e+03)","[0.1,0.2)",2017-12-11~2017-12-18
260,6,7,7,"(41,47]","[4e+03,5e+03)","[0.2,0.3)",2017-12-11~2017-12-18
261,6,3,1,"(0,24]","[3e+03,4e+03)","[0.1,0.2)",2017-12-11~2017-12-18
262,1,10,2,"(0,24]","[7e+03,8e+03)","[0.2,0.3)",2017-12-11~2017-12-18
263,9,3,5,"(41,47]","[5e+03,6e+03)","[0.1,0.2)",2017-12-11~2017-12-18
264,6,8,5,"(24,29]","[7e+03,8e+03)","[0.3,0.4)",2017-12-11~2017-12-18
265,1,4,2,"(29,41]","[4e+03,5e+03)","[0.2,0.3)",2017-12-11~2017-12-18
266,2,7,10,"(0,24]","[3e+03,4e+03)","[0.1,0.2)",2017-12-11~2017-12-18
267,2,9,8,"(0,24]","[3e+03,4e+03)","[0.1,0.2)",2017-12-11~2017-12-18
268,2,2,6,"(0,24]","[4e+03,5e+03)","[0.2,0.3)",2017-12-11~2017-12-18
269,4,1,3,"(0,24]","[3e+03,4e+03)","[0.2,0.3)",2017-12-11~2017-12-18
270,6,4,8,"(29,41]","[4e+03,5e+03)","[0.1,0.2)",2017-12-11~2017-12-18
271,6,3,10,"(29,41]","[5e+03,6e+03)","[0.3,0.4)",2017-12-11~2017-12-18
272,7,6,9,"(24,29]","[4e+03,5e+03)","[0.3,0.4)",2017-12-11~2017-12-18
273,6,7,8,"(0,24]","[6e+03,7e+03)","[0.2,0.3)",2017-12-11~2017-12-18
274,6,6,2,"(24,29]","[3e+03,4e+03)","[0.1,0.2)",2017-12-11~2017-12-18
275,8,5,8,"(41,47]","[2e+03,3e+03)","[0.1,0.2)",2017-12-11~2017-12-18
276,6,6,3,"(24,29]","[2e+03,3e+03)","[0.2,0.3)",2017-12-11~2017-12-18
277,8,7,8,"(0,24]","[2e+03,3e+03)","[0.1,0.2)",2017-12-11~2017-12-18
278,9,4,9,"(24,29]","[4e+03,5e+03)","[0.2,0.3)",2017-12-11~2017-12-18
279,9,10,3,"(41,47]","[1e+03,2e+03)","[0.1,0.2)",2017-12-11~2017-12-18
280,1,7,4,"(0,24]","[4e+03,5e+03)","[0.3,0.4)",2017-12-11~2017-12-18
281,2,10,1,"(0,24]","[6e+03,7e+03)","[0.3,0.4)",2017-12-11~2017-12-18
282,3,6,9,"(29,41]","[5e+03,6e+03)","[0.2,0.3)",2017-12-11~2017-12-18
283,9,2,4,"(0,24]","[3e+03,4e+03)","[0.2,0.3)",2017-12-11~2017-12-18
284,5,3,10,"(24,29]","[7e+03,8e+03)","[0.2,0.3)",2017-12-11~2017-12-18
285,9,2,9,"(41,47]","[3e+03,4e+03)","[0.1,0.2)",2017-12-11~2017-12-18
286,9,6,6,"(24,29]","[3e+03,4e+03)","[0.1,0.2)",2017-12-11~2017-12-18
287,6,8,10,"(29,41]","[3e+03,4e+03)","[0.2,0.3)",2017-12-11~2017-12-18
288,4,8,3,"(29,41]","[6e+03,7e+03)","[0.4,0.5)",2017-12-11~2017-12-18
289,10,10,9,"(41,47]","[6e+03,7e+03)","[0.2,0.3)",2017-12-11~2017-12-18
290,7,3,9,"(41,47]","[5e+03,6e+03)","[0.2,0.3)",2017-12-11~2017-12-18
291,1,9,9,"(29,41]","[5e+03,6e+03)","[0.3,0.4)",2017-12-11~2017-12-18
292,2,8,5,"(41,47]","[4e+03,5e+03)","[0.2,0.3)",2017-12-11~2017-12-18
293,6,4,3,"(29,41]","[8e+03,9e+03)","[0.3,0.4)",2017-12-11~2017-12-18
294,2,10,1,"(29,41]","[3e+03,4e+03)","[0.1,0.2)",2017-12-11~2017-12-18
295,8,2,10,"(0,24]","[6e+03,7e+03)","[0.2,0.3)",2017-12-11~2017-12-18
296,5,9,10,"(24,29]","[3e+03,4e+03)","[0.1,0.2)",2017-12-11~2017-12-18
297,3,4,4,"(29,41]","[4e+03,5e+03)","[0.1,0.2)",2017-12-11~2017-12-18
298,10,6,9,"(0,24]","[1e+03,2e+03)","[0.2,0.3)",2017-12-11~2017-12-18
299,3,6,9,"(0,24]","[2e+03,3e+03)","[0.1,0.2)",2017-12-11~2017-12-18
300,10,10,7,"(0,24]","[6e+03,7e+03)","[0.2,0.3)",2017-12-11~2017-12-18
301,7,8,5,"(29,41]","[6e+03,7e+03)","[0.2,0.3)",2017-12-11~2017-12-18
302,8,2,3,"(24,29]","[2e+03,3e+03)","[0.1,0.2)",2017-12-11~2017-12-18
303,2,5,8,"(0,24]","[6e+03,7e+03)","[0.2,0.3)",2017-12-11~2017-12-18
304,7,5,10,"(0,24]","[5e+03,6e+03)","[0.3,0.4)",2017-12-11~2017-12-18
305,6,5,1,"(29,41]","[3e+03,4e+03)","[0.1,0.2)",2017-12-11~2017-12-18
306,7,10,2,"(0,24]","[2e+03,3e+03)","[0.1,0.2)",2017-12-11~2017-12-18
307,7,3,2,"(41,47]","[2e+03,3e+03)","[0.2,0.3)",2017-12-11~2017-12-18
308,2,4,9,"(0,24]","[1e+04,1.1e+04)","[0.4,0.5)",2017-12-11~2017-12-18
309,3,9,3,"(0,24]","[2e+03,3e+03)","[0.4,0.5)",2017-12-11~2017-12-18
310,2,9,2,"(0,24]","[8e+03,9e+03)","[0.5,0.6)",2017-12-11~2017-12-18
311,4,8,7,"(41,47]","[5e+03,6e+03)","[0.3,0.4)",2017-12-11~2017-12-18
312,9,2,6,"(24,29]","[6e+03,7e+03)","[0.3,0.4)",2017-12-11~2017-12-18
313,6,7,1,"(24,29]","[6e+03,7e+03)","[0.3,0.4)",2017-12-11~2017-12-18
314,10,5,3,"(41,47]","[3e+03,4e+03)","[0.1,0.2)",2017-12-11~2017-12-18
315,5,5,2,"(29,41]","[6e+03,7e+03)","[0.3,0.4)",2017-12-11~2017-12-18
316,5,3,9,"(24,29]","[3e+03,4e+03)","[0.1,0.2)",2017-12-11~2017-12-18
317,4,7,6,"(29,41]","[4e+03,5e+03)","[0.3,0.4)",2017-12-11~2017-12-18
318,7,6,7,"(29,41]","[6e+03,7e+03)","[0.3,0.4)",2017-12-11~2017-12-18
319,7,6,10,"(0,24]","[2e+03,3e+03)","[0,0.1)",2017-12-11~2017-12-18
320,6,6,4,"(29,41]","[3e+03,4e+03)","[0.1,0.2)",2017-12-11~2017-12-18
321,8,8,8,"(0,24]","[3e+03,4e+03)","[0.1,0.2)",2017-12-11~2017-12-18
322,2,5,5,"(24,29]","[4e+03,5e+03)","[0.2,0.3)",2017-12-11~2017-12-18
323,6,2,5,"(29,41]","[6e+03,7e+03)","[0.2,0.3)",2017-12-11~2017-12-18
324,7,6,7,"(0,24]","[2e+03,3e+03)","[0.1,0.2)",2017-12-11~2017-12-18
325,5,8,1,"(29,41]","[4e+03,5e+03)","[0.2,0.3)",2017-12-11~2017-12-18
326,3,2,2,"(24,29]","[4e+03,5e+03)","[0.2,0.3)",2017-12-11~2017-12-18
327,3,5,5,"(41,47]","[2e+03,3e+03)","[0.1,0.2)",2017-12-11~2017-12-18
328,10,7,2,"(0,24]","[3e+03,4e+03)","[0.1,0.2)",2017-12-11~2017-12-18
329,3,8,10,"(0,24]","[7e+03,8e+03)","[0.2,0.3)",2017-12-11~2017-12-18
330,8,8,7,"(0,24]","[6e+03,7e+03)","[0.1,0.2)",2017-12-11~2017-12-18
331,10,7,1,"(0,24]","[4e+03,5e+03)","[0.2,0.3)",2017-12-11~2017-12-18
332,4,3,4,"(41,47]","[4e+03,5e+03)","[0.1,0.2)",2017-12-11~2017-12-18
333,8,4,6,"(29,41]","[9e+03,1e+04)","[0.3,0.4)",2017-12-11~2017-12-18
334,4,5,5,"(41,47]","[3e+03,4e+03)","[0.5,0.6)",2017-12-11~2017-12-18
335,3,6,1,"(0,24]","[6e+03,7e+03)","[0.3,0.4)",2017-12-11~2017-12-18
336,9,8,5,"(29,41]","[4e+03,5e+03)","[0.2,0.3)",2017-12-11~2017-12-18
337,2,5,5,"(29,41]","[3e+03,4e+03)","[0.1,0.2)",2017-12-11~2017-12-18
338,2,8,4,"(0,24]","[6e+03,7e+03)","[0.3,0.4)",2017-12-11~2017-12-18
339,2,3,3,"(29,41]","[7e+03,8e+03)","[0.2,0.3)",2017-12-11~2017-12-18
340,10,6,2,"(0,24]","[8e+03,9e+03)","[0.3,0.4)",2017-12-11~2017-12-18
341,10,8,10,"(0,24]","[3e+03,4e+03)","[0.1,0.2)",2017-12-11~2017-12-18
342,8,5,7,"(29,41]","[6e+03,7e+03)","[0.4,0.5)",2017-12-11~2017-12-18
343,10,8,7,"(29,41]","[2e+03,3e+03)","[0.1,0.2)",2017-12-11~2017-12-18
344,8,3,1,"(0,24]","[5e+03,6e+03)","[0.3,0.4)",2017-12-11~2017-12-18
345,6,3,5,"(24,29]","[2e+03,3e+03)","[0.3,0.4)",2017-12-11~2017-12-18
346,2,1,9,"(0,24]","[5e+03,6e+03)","[0.2,0.3)",2017-12-11~2017-12-18
347,6,1,9,"(29,41]","[6e+03,7e+03)","[0.1,0.2)",2017-12-11~2017-12-18
348,6,10,10,"(24,29]","[3e+03,4e+03)","[0.1,0.2)",2017-12-11~2017-12-18
349,10,2,9,"(29,41]","[2e+03,3e+03)","[0.1,0.2)",2017-12-11~2017-12-18
350,5,3,5,"(0,24]","[3e+03,4e+03)","[0.1,0.2)",2017-12-11~2017-12-18
351,10,6,3,"(24,29]","[5e+03,6e+03)","[0.3,0.4)",2017-12-11~2017-12-18
352,6,8,8,"(41,47]","[8e+03,9e+03)","[0.3,0.4)",2017-12-11~2017-12-18
353,1,9,8,"(0,24]","[5e+03,6e+03)","[0.3,0.4)",2017-12-11~2017-12-18
354,7,1,4,"(29,41]","[6e+03,7e+03)","[0.3,0.4)",2017-12-11~2017-12-18
355,4,6,9,"(0,24]","[3e+03,4e+03)","[0.1,0.2)",2017-12-11~2017-12-18
356,7,6,5,"(29,41]","[6e+03,7e+03)","[0.2,0.3)",2017-12-11~2017-12-18
357,5,6,6,"(0,24]","[3e+03,4e+03)","[0.1,0.2)",2017-12-11~2017-12-18
358,5,3,1,"(0,24]","[6e+03,7e+03)","[0.2,0.3)",2017-12-11~2017-12-18
359,4,6,4,"(0,24]","[2e+03,3e+03)","[0.1,0.2)",2017-12-11~2017-12-18
360,2,8,10,"(29,41]","[6e+03,7e+03)","[0.2,0.3)",2017-12-11~2017-12-18
361,6,8,6,"(24,29]","[2e+03,3e+03)","[0.1,0.2)",2017-12-11~2017-12-18
362,7,6,7,"(41,47]","[4e+03,5e+03)","[0.1,0.2)",2017-12-11~2017-12-18
363,2,9,7,"(41,47]","[3e+03,4e+03)","[0.1,0.2)",2017-12-11~2017-12-18
364,4,6,9,"(0,24]","[5e+03,6e+03)","[0.2,0.3)",2017-12-11~2017-12-18
365,6,7,10,"(0,24]","[7e+03,8e+03)","[0.3,0.4)",2017-12-11~2017-12-18
366,2,10,2,"(29,41]","[6e+03,7e+03)","[0.2,0.3)",2017-12-11~2017-12-18
367,5,3,9,"(47,50]","[4e+03,5e+03)","[0.2,0.3)",2017-12-11~2017-12-18
368,10,4,6,"(0,24]","[2e+03,3e+03)","[0.1,0.2)",2017-12-11~2017-12-18
369,7,5,8,"(0,24]","[3e+03,4e+03)","[0.2,0.3)",2017-12-11~2017-12-18
370,6,2,10,"(29,41]","[2e+03,3e+03)","[0.2,0.3)",2017-12-11~2017-12-18
371,5,1,5,"(29,41]","[3e+03,4e+03)","[0.1,0.2)",2017-12-11~2017-12-18
372,5,2,5,"(41,47]","[5e+03,6e+03)","[0.3,0.4)",2017-12-11~2017-12-18
373,5,3,10,"(29,41]","[4e+03,5e+03)","[0.2,0.3)",2017-12-11~2017-12-18
374,4,6,8,"(24,29]","[6e+03,7e+03)","[0.3,0.4)",2017-12-11~2017-12-18
375,9,9,9,"(0,24]","[9e+03,1e+04)","[0.3,0.4)",2017-12-11~2017-12-18
376,8,3,9,"(29,41]","[3e+03,4e+03)","[0,0.1)",2017-12-11~2017-12-18
377,6,7,1,"(0,24]","[7e+03,8e+03)","[0.2,0.3)",2017-12-11~2017-12-18
378,5,10,2,"(24,29]","[5e+03,6e+03)","[0.3,0.4)",2017-12-11~2017-12-18
379,3,7,2,"(29,41]","[2e+03,3e+03)","[0.1,0.2)",2017-12-11~2017-12-18
380,8,1,10,"(24,29]","[6e+03,7e+03)","[0.2,0.3)",2017-12-11~2017-12-18
381,2,10,4,"(0,24]","[3e+03,4e+03)","[0.1,0.2)",2017-12-11~2017-12-18
382,3,5,2,"(0,24]","[4e+03,5e+03)","[0.2,0.3)",2017-12-11~2017-12-18
383,8,10,6,"(29,41]","[3e+03,4e+03)","[0.1,0.2)",2017-12-11~2017-12-18
384,10,2,7,"(24,29]","[6e+03,7e+03)","[0.2,0.3)",2017-12-11~2017-12-18
385,1,3,3,"(29,41]","[2e+03,3e+03)","[0.1,0.2)",2017-12-11~2017-12-18
386,10,2,6,"(29,41]","[2e+03,3e+03)","[0.1,0.2)",2017-12-11~2017-12-18
387,7,4,2,"(24,29]","[3e+03,4e+03)","[0.2,0.3)",2017-12-11~2017-12-18
388,6,1,9,"(0,24]","[8e+03,9e+03)","[0.3,0.4)",2017-12-11~2017-12-18
389,9,4,2,"(24,29]","[3e+03,4e+03)","[0.1,0.2)",2017-12-11~2017-12-18
390,6,4,1,"(0,24]","[5e+03,6e+03)","[0.2,0.3)",2017-12-11~2017-12-18
391,7,7,1,"(29,41]","[3e+03,4e+03)","[0.1,0.2)",2017-12-11~2017-12-18
392,8,5,8,"(29,41]","[3e+03,4e+03)","[0.2,0.3)",2017-12-11~2017-12-18
393,3,3,7,"(24,29]","[3e+03,4e+03)","[0.2,0.3)",2017-12-11~2017-12-18
394,7,3,10,"(24,29]","[4e+03,5e+03)","[0.2,0.3)",2017-12-11~2017-12-18
395,10,8,9,"(0,24]","[5e+03,6e+03)","[0.3,0.4)",2017-12-11~2017-12-18
396,4,9,7,"(29,41]","[5e+03,6e+03)","[0.3,0.4)",2017-12-11~2017-12-18
397,8,1,8,"(0,24]","[2e+03,3e+03)","[0.1,0.2)",2017-12-11~2017-12-18
398,2,8,6,"(0,24]","[2e+03,3e+03)","[0.1,0.2)",2017-12-11~2017-12-18
399,7,2,4,"(0,24]","[2e+03,3e+03)","[0.1,0.2)",2017-12-11~2017-12-18
400,1,6,8,"(0,24]","[8e+03,9e+03)","[0.4,0.5)",2017-12-11~2017-12-18
401,10,8,3,"(29,41]","[6e+03,7e+03)","[0.2,0.3)",2017-12-11~2017-12-18
402,2,8,4,"(29,41]","[6e+03,7e+03)","[0.4,0.5)",2017-12-11~2017-12-18
403,6,7,8,"(24,29]","[3e+03,4e+03)","[0.1,0.2)",2017-12-11~2017-12-18
404,5,9,6,"(24,29]","[6e+03,7e+03)","[0.2,0.3)",2017-12-11~2017-12-18
405,1,10,6,"(29,41]","[3e+03,4e+03)","[0.1,0.2)",2017-12-11~2017-12-18
406,5,2,3,"(29,41]","[2e+03,3e+03)","[0.1,0.2)",2017-12-11~2017-12-18
407,5,4,3,"(29,41]","[6e+03,7e+03)","[0.2,0.3)",2017-12-11~2017-12-18
408,4,5,3,"(29,41]","[3e+03,4e+03)","[0.1,0.2)",2017-12-11~2017-12-18
409,2,2,7,"(29,41]","[6e+03,7e+03)","[0.2,0.3)",2017-12-11~2017-12-18
410,3,5,2,"(29,41]","[2e+03,3e+03)","[0.1,0.2)",2017-12-11~2017-12-18
411,9,4,5,"(41,47]","[2e+03,3e+03)","[0.1,0.2)",2017-12-11~2017-12-18
412,9,5,1,"(24,29]","[3e+03,4e+03)","[0.1,0.2)",2017-12-11~2017-12-18
413,6,3,7,"(24,29]","[2e+03,3e+03)","[0.1,0.2)",2017-12-11~2017-12-18
414,5,9,7,"(0,24]","[3e+03,4e+03)","[0.1,0.2)",2017-12-11~2017-12-18
415,10,2,6,"(24,29]","[2e+03,3e+03)","[0.1,0.2)",2017-12-11~2017-12-18
416,1,6,2,"(24,29]","[7e+03,8e+03)","[0.3,0.4)",2017-12-11~2017-12-18
417,3,1,10,"(41,47]","[6e+03,7e+03)","[0.5,0.6)",2017-12-11~2017-12-18
418,5,4,5,"(41,47]","[4e+03,5e+03)","[0.2,0.3)",2017-12-11~2017-12-18
419,9,10,6,"(29,41]","[3e+03,4e+03)","[0.1,0.2)",2017-12-11~2017-12-18
420,3,4,6,"(24,29]","[3e+03,4e+03)","[0.1,0.2)",2017-12-11~2017-12-18
421,7,3,1,"(24,29]","[4e+03,5e+03)","[0.2,0.3)",2017-12-11~2017-12-18
422,3,8,1,"(24,29]","[4e+03,5e+03)","[0.2,0.3)",2017-12-11~2017-12-18
423,8,1,7,"(0,24]","[6e+03,7e+03)","[0.2,0.3)",2017-12-11~2017-12-18
424,9,8,9,"(47,50]","[4e+03,5e+03)","[0.2,0.3)",2017-12-11~2017-12-18
425,3,7,2,"(0,24]","[5e+03,6e+03)","[0.3,0.4)",2017-12-11~2017-12-18
426,3,9,7,"(41,47]","[4e+03,5e+03)","[0.2,0.3)",2017-12-11~2017-12-18
427,2,1,6,"(24,29]","[3e+03,4e+03)","[0.1,0.2)",2017-12-11~2017-12-18
428,7,4,8,"(0,24]","[3e+03,4e+03)","[0.1,0.2)",2017-12-11~2017-12-18
429,1,9,1,"(24,29]","[4e+03,5e+03)","[0.2,0.3)",2017-12-11~2017-12-18
430,5,5,10,"(24,29]","[3e+03,4e+03)","[0.1,0.2)",2017-12-11~2017-12-18
431,4,9,6,"(0,24]","[2e+03,3e+03)","[0.1,0.2)",2017-12-11~2017-12-18
432,8,4,10,"(24,29]","[3e+03,4e+03)","[0.1,0.2)",2017-12-11~2017-12-18
433,6,8,8,"(24,29]","[6e+03,7e+03)","[0.2,0.3)",2017-12-11~2017-12-18
434,5,10,10,"(29,41]","[4e+03,5e+03)","[0.2,0.3)",2017-12-11~2017-12-18
435,2,2,6,"(29,41]","[5e+03,6e+03)","[0.2,0.3)",2017-12-11~2017-12-18
436,2,10,9,"(29,41]","[3e+03,4e+03)","[0.1,0.2)",2017-12-11~2017-12-18
437,9,8,8,"(24,29]","[3e+03,4e+03)","[0.1,0.2)",2017-12-11~2017-12-18
438,6,2,4,"(24,29]","[4e+03,5e+03)","[0.4,0.5)",2017-12-11~2017-12-18
439,5,8,3,"(50,Inf]","[4e+03,5e+03)","[0.2,0.3)",2017-12-11~2017-12-18
440,7,3,5,"(24,29]","[6e+03,7e+03)","[0.3,0.4)",2017-12-11~2017-12-18
441,10,1,3,"(0,24]","[5e+03,6e+03)","[0.2,0.3)",2017-12-11~2017-12-18
442,4,9,4,"(0,24]","[3e+03,4e+03)","[0.2,0.3)",2017-12-11~2017-12-18
443,4,4,3,"(0,24]","[4e+03,5e+03)","[0.2,0.3)",2017-12-11~2017-12-18
444,5,3,7,"(29,41]","[3e+03,4e+03)","[0.1,0.2)",2017-12-11~2017-12-18
445,6,8,4,"(0,24]","[3e+03,4e+03)","[0.2,0.3)",2017-12-11~2017-12-18
446,5,8,2,"(41,47]","[2e+03,3e+03)","[0.1,0.2)",2017-12-11~2017-12-18
447,5,2,4,"(24,29]","[6e+03,7e+03)","[0.3,0.4)",2017-12-11~2017-12-18
448,1,4,10,"(0,24]","[3e+03,4e+03)","[0.1,0.2)",2017-12-11~2017-12-18
449,7,3,3,"(50,Inf]","[3e+03,4e+03)","[0.1,0.2)",2017-12-11~2017-12-18
450,10,7,7,"(24,29]","[8e+03,9e+03)","[0.4,0.5)",2017-12-11~2017-12-18
451,2,10,9,"(24,29]","[6e+03,7e+03)","[0.2,0.3)",2017-12-11~2017-12-18
452,10,2,3,"(29,41]","[3e+03,4e+03)","[0.1,0.2)",2017-12-11~2017-12-18
453,8,1,7,"(29,41]","[3e+03,4e+03)","[0.1,0.2)",2017-12-11~2017-12-18
454,7,1,1,"(24,29]","[4e+03,5e+03)","[0.2,0.3)",2017-12-11~2017-12-18
455,9,8,2,"(0,24]","[8e+03,9e+03)","[0.2,0.3)",2017-12-11~2017-12-18
456,10,6,8,"(0,24]","[5e+03,6e+03)","[0.3,0.4)",2017-12-11~2017-12-18
457,3,2,7,"(24,29]","[2e+03,3e+03)","[0.1,0.2)",2017-12-11~2017-12-18
458,7,10,2,"(0,24]","[3e+03,4e+03)","[0.2,0.3)",2017-12-11~2017-12-18
459,1,7,4,"(0,24]","[8e+03,9e+03)","[0.4,0.5)",2017-12-11~2017-12-18
460,9,4,6,"(41,47]","[1e+03,2e+03)","[0.1,0.2)",2017-12-11~2017-12-18
461,1,1,1,"(29,41]","[7e+03,8e+03)","[0.3,0.4)",2017-12-11~2017-12-18
462,1,2,2,"(0,24]","[3e+03,4e+03)","[0.1,0.2)",2017-12-11~2017-12-18
463,6,9,9,"(29,41]","[6e+03,7e+03)","[0.2,0.3)",2017-12-11~2017-12-18
464,8,7,10,"(29,41]","[3e+03,4e+03)","[0.2,0.3)",2017-12-11~2017-12-18
465,9,6,8,"(29,41]","[5e+03,6e+03)","[0.3,0.4)",2017-12-11~2017-12-18
466,3,6,9,"(0,24]","[1e+03,2e+03)","[0.1,0.2)",2017-12-11~2017-12-18
467,8,8,10,"(24,29]","[5e+03,6e+03)","[0.3,0.4)",2017-12-11~2017-12-18
468,3,9,5,"(29,41]","[3e+03,4e+03)","[0.2,0.3)",2017-12-11~2017-12-18
469,5,10,2,"(0,24]","[2e+03,3e+03)","[0.1,0.2)",2017-12-11~2017-12-18
470,4,4,9,"(0,24]","[4e+03,5e+03)","[0.2,0.3)",2017-12-11~2017-12-18
471,2,1,7,"(0,24]","[4e+03,5e+03)","[0.2,0.3)",2017-12-11~2017-12-18
472,6,5,10,"(0,24]","[4e+03,5e+03)","[0.3,0.4)",2017-12-11~2017-12-18
473,4,10,4,"(24,29]","[4e+03,5e+03)","[0.2,0.3)",2017-12-11~2017-12-18
474,2,3,3,"(29,41]","[6e+03,7e+03)","[0.2,0.3)",2017-12-11~2017-12-18
475,3,4,4,"(29,41]","[2e+03,3e+03)","[0.1,0.2)",2017-12-11~2017-12-18
476,5,2,2,"(29,41]","[4e+03,5e+03)","[0.2,0.3)",2017-12-11~2017-12-18
477,3,4,2,"(24,29]","[6e+03,7e+03)","[0.2,0.3)",2017-12-11~2017-12-18
478,4,9,1,"(0,24]","[3e+03,4e+03)","[0.1,0.2)",2017-12-11~2017-12-18
479,2,4,6,"(29,41]","[4e+03,5e+03)","[0.2,0.3)",2017-12-11~2017-12-18
480,10,1,8,"(0,24]","[3e+03,4e+03)","[0.2,0.3)",2017-12-11~2017-12-18
481,10,1,6,"(0,24]","[5e+03,6e+03)","[0.3,0.4)",2017-12-11~2017-12-18
482,1,7,6,"(29,41]","[4e+03,5e+03)","[0.2,0.3)",2017-12-11~2017-12-18
483,9,5,7,"(0,24]","[4e+03,5e+03)","[0.2,0.3)",2017-12-11~2017-12-18
484,6,1,7,"(29,41]","[4e+03,5e+03)","[0.1,0.2)",2017-12-11~2017-12-18
485,8,1,2,"(0,24]","[9e+03,1e+04)","[0.4,0.5)",2017-12-11~2017-12-18
486,7,10,2,"(41,47]","[3e+03,4e+03)","[0.1,0.2)",2017-12-11~2017-12-18
487,7,9,8,"(0,24]","[3e+03,4e+03)","[0.2,0.3)",2017-12-11~2017-12-18
488,7,3,9,"(0,24]","[6e+03,7e+03)","[0.5,0.6)",2017-12-11~2017-12-18
489,3,10,3,"(29,41]","[3e+03,4e+03)","[0.1,0.2)",2017-12-11~2017-12-18
490,2,2,3,"(24,29]","[4e+03,5e+03)","[0.2,0.3)",2017-12-11~2017-12-18
491,8,3,3,"(41,47]","[2e+03,3e+03)","[0.1,0.2)",2017-12-11~2017-12-18
492,1,3,8,"(24,29]","[6e+03,7e+03)","[0.2,0.3)",2017-12-11~2017-12-18
493,10,9,9,"(29,41]","[6e+03,7e+03)","[0.3,0.4)",2017-12-11~2017-12-18
494,6,9,10,"(24,29]","[6e+03,7e+03)","[0.4,0.5)",2017-12-11~2017-12-18
495,4,5,8,"(50,Inf]","[4e+03,5e+03)","[0.2,0.3)",2017-12-11~2017-12-18
496,6,3,9,"(41,47]","[3e+03,4e+03)","[0,0.1)",2017-12-11~2017-12-18
497,3,10,8,"(0,24]","[7e+03,8e+03)","[0.2,0.3)",2017-12-11~2017-12-18
498,7,3,9,"(29,41]","[3e+03,4e+03)","[0.2,0.3)",2017-12-11~2017-12-18
499,3,4,6,"(24,29]","[4e+03,5e+03)","[0.1,0.2)",2017-12-11~2017-12-18
500,6,8,10,"(0,24]","[6e+03,7e+03)","[0.3,0.4)",2017-12-18~2017-12-25
501,10,1,10,"(24,29]","[6e+03,7e+03)","[0.2,0.3)",2017-12-18~2017-12-25
502,1,5,4,"(0,24]","[3e+03,4e+03)","[0.1,0.2)",2017-12-18~2017-12-25
503,2,6,2,"(24,29]","[7e+03,8e+03)","[0.2,0.3)",2017-12-18~2017-12-25
504,2,9,8,"(24,29]","[7e+03,8e+03)","[0.2,0.3)",2017-12-18~2017-12-25
505,8,4,2,"(0,24]","[6e+03,7e+03)","[0.4,0.5)",2017-12-18~2017-12-25
506,4,10,4,"(0,24]","[5e+03,6e+03)","[0.1,0.2)",2017-12-18~2017-12-25
507,2,1,10,"(0,24]","[4e+03,5e+03)","[0.2,0.3)",2017-12-18~2017-12-25
508,5,7,5,"(24,29]","[7e+03,8e+03)","[0.2,0.3)",2017-12-18~2017-12-25
509,8,7,6,"(0,24]","[2e+03,3e+03)","[0.1,0.2)",2017-12-18~2017-12-25
510,4,8,8,"(50,Inf]","[6e+03,7e+03)","[0.2,0.3)",2017-12-18~2017-12-25
511,4,1,1,"(24,29]","[3e+03,4e+03)","[0.2,0.3)",2017-12-18~2017-12-25
512,3,3,8,"(29,41]","[8e+03,9e+03)","[0,0.1)",2017-12-18~2017-12-25
513,9,2,5,"(29,41]","[6e+03,7e+03)","[0,0.1)",2017-12-18~2017-12-25
514,1,3,5,"(29,41]","[6e+03,7e+03)","[0,0.1)",2017-12-18~2017-12-25
515,1,9,7,"(29,41]","[7e+03,8e+03)","[0,0.1)",2017-12-18~2017-12-25
516,7,6,7,"(29,41]","[6e+03,7e+03)","[0,0.1)",2017-12-18~2017-12-25
517,1,7,5,"(41,47]","[6e+03,7e+03)","[0,0.1)",2017-12-18~2017-12-25
518,5,2,10,"(29,41]","[6e+03,7e+03)","[0,0.1)",2017-12-18~2017-12-25
519,7,5,6,"(41,47]","[6e+03,7e+03)","[0,0.1)",2017-12-18~2017-12-25
520,8,4,9,"(29,41]","[6e+03,7e+03)","[0,0.1)",2017-12-18~2017-12-25
521,10,5,2,"(24,29]","[3e+03,4e+03)","[0,0.1)",2017-12-18~2017-12-25
522,3,8,10,"(24,29]","[8e+03,9e+03)","[0,0.1)",2017-12-18~2017-12-25
523,10,10,5,"(24,29]","[6e+03,7e+03)","[0,0.1)",2017-12-18~2017-12-25
524,1,4,6,"(29,41]","[8e+03,9e+03)","[0,0.1)",2017-12-18~2017-12-25
525,10,2,6,"(0,24]","[6e+03,7e+03)","[0,0.1)",2017-12-18~2017-12-25
526,4,4,10,"(29,41]","[6e+03,7e+03)","[0,0.1)",2017-12-18~2017-12-25
527,4,4,10,"(29,41]","[6e+03,7e+03)","[0,0.1)",2017-12-18~2017-12-25
528,7,6,8,"(29,41]","[5e+03,6e+03)","[0,0.1)",2017-12-18~2017-12-25
529,1,7,3,"(24,29]","[7e+03,8e+03)","[0,0.1)",2017-12-18~2017-12-25
530,9,5,4,"(29,41]","[6e+03,7e+03)","[0,0.1)",2017-12-18~2017-12-25
531,8,5,5,"(0,24]","[6e+03,7e+03)","[0,0.1)",2017-12-18~2017-12-25
532,9,9,6,"(29,41]","[7e+03,8e+03)","[0,0.1)",2017-12-18~2017-12-25
533,9,1,2,"(29,41]","[8e+03,9e+03)","[0,0.1)",2017-12-18~2017-12-25
534,7,10,8,"(24,29]","[6e+03,7e+03)","[0,0.1)",2017-12-18~2017-12-25
535,4,10,2,"(24,29]","[5e+03,6e+03)","[0,0.1)",2017-12-18~2017-12-25
536,9,8,8,"(24,29]","[6e+03,7e+03)","[0,0.1)",2017-12-18~2017-12-25
537,5,8,1,"(0,24]","[8e+03,9e+03)","[0,0.1)",2017-12-18~2017-12-25
538,8,9,1,"(0,24]","[8e+03,9e+03)","[0,0.1)",2017-12-18~2017-12-25
539,8,9,1,"(29,41]","[8e+03,9e+03)","[0,0.1)",2017-12-18~2017-12-25
540,3,5,10,"(24,29]","[7e+03,8e+03)","[0,0.1)",2017-12-18~2017-12-25
541,1,4,7,"(0,24]","[6e+03,7e+03)","[0,0.1)",2017-12-18~2017-12-25
542,4,3,9,"(29,41]","[8e+03,9e+03)","[0,0.1)",2017-12-18~2017-12-25
543,1,4,3,"(29,41]","[6e+03,7e+03)","[0,0.1)",2017-12-18~2017-12-25
544,7,9,2,"(29,41]","[6e+03,7e+03)","[0,0.1)",2017-12-18~2017-12-25
545,7,8,1,"(0,24]","[5e+03,6e+03)","[0,0.1)",2017-12-18~2017-12-25
546,1,6,8,"(0,24]","[7e+03,8e+03)","[0,0.1)",2017-12-18~2017-12-25
547,10,4,7,"(0,24]","[6e+03,7e+03)","[0,0.1)",2017-12-18~2017-12-25
548,9,2,9,"(0,24]","[8e+03,9e+03)","[0,0.1)",2017-12-18~2017-12-25
549,10,2,2,"(29,41]","[7e+03,8e+03)","[0,0.1)",2017-12-18~2017-12-25
550,5,7,5,"(0,24]","[7e+03,8e+03)","[0,0.1)",2017-12-18~2017-12-25
551,7,7,2,"(29,41]","[6e+03,7e+03)","[0,0.1)",2017-12-18~2017-12-25
552,8,8,3,"(24,29]","[8e+03,9e+03)","[0,0.1)",2017-12-18~2017-12-25
553,5,2,10,"(29,41]","[7e+03,8e+03)","[0,0.1)",2017-12-18~2017-12-25
554,6,5,7,"(29,41]","[7e+03,8e+03)","[0,0.1)",2017-12-18~2017-12-25
555,9,4,1,"(24,29]","[6e+03,7e+03)","[0,0.1)",2017-12-18~2017-12-25
556,1,9,8,"(0,24]","[6e+03,7e+03)","[0,0.1)",2017-12-18~2017-12-25
557,3,5,4,"(24,29]","[4e+03,5e+03)","[0.2,0.3)",2017-12-18~2017-12-25
558,5,3,4,"(47,50]","[5e+03,6e+03)","[0.3,0.4)",2017-12-18~2017-12-25
559,10,7,10,"(41,47]","[8e+03,9e+03)","[0.4,0.5)",2017-12-18~2017-12-25
560,4,10,5,"(0,24]","[3e+03,4e+03)","[0.2,0.3)",2017-12-18~2017-12-25
561,4,2,7,"(24,29]","[1.2e+04,1.3e+04)","[0.5,0.6)",2017-12-18~2017-12-25
562,10,4,3,"(29,41]","[5e+03,6e+03)","[0.2,0.3)",2017-12-18~2017-12-25
563,10,9,8,"(29,41]","[2e+03,3e+03)","[0.1,0.2)",2017-12-18~2017-12-25
564,4,4,7,"(24,29]","[2e+03,3e+03)","[0.2,0.3)",2017-12-18~2017-12-25
565,5,9,5,"(29,41]","[3e+03,4e+03)","[0.1,0.2)",2017-12-18~2017-12-25
566,6,4,8,"(24,29]","[2e+03,3e+03)","[0.2,0.3)",2017-12-18~2017-12-25
567,7,10,3,"(24,29]","[2e+03,3e+03)","[0.1,0.2)",2017-12-18~2017-12-25
568,4,2,9,"(24,29]","[3e+03,4e+03)","[0.1,0.2)",2017-12-18~2017-12-25
569,10,9,1,"(41,47]","[5e+03,6e+03)","[0.2,0.3)",2017-12-18~2017-12-25
570,10,3,7,"(0,24]","[3e+03,4e+03)","[0.2,0.3)",2017-12-18~2017-12-25
571,2,10,9,"(24,29]","[3e+03,4e+03)","[0.2,0.3)",2017-12-18~2017-12-25
572,1,3,7,"(24,29]","[6e+03,7e+03)","[0.2,0.3)",2017-12-18~2017-12-25
573,7,1,2,"(24,29]","[2e+03,3e+03)","[0.1,0.2)",2017-12-18~2017-12-25
574,8,10,7,"(0,24]","[4e+03,5e+03)","[0.2,0.3)",2017-12-18~2017-12-25
575,8,9,9,"(29,41]","[6e+03,7e+03)","[0.2,0.3)",2017-12-18~2017-12-25
576,2,10,2,"(41,47]","[3e+03,4e+03)","[0.1,0.2)",2017-12-18~2017-12-25
577,5,6,7,"(29,41]","[2e+03,3e+03)","[0.1,0.2)",2017-12-18~2017-12-25
578,6,7,10,"(29,41]","[2e+03,3e+03)","[0.1,0.2)",2017-12-18~2017-12-25
579,7,8,7,"(24,29]","[3e+03,4e+03)","[0.1,0.2)",2017-12-18~2017-12-25
580,3,4,4,"(41,47]","[3e+03,4e+03)","[0.1,0.2)",2017-12-18~2017-12-25
581,6,4,5,"(29,41]","[3e+03,4e+03)","[0.1,0.2)",2017-12-18~2017-12-25
582,5,5,10,"(0,24]","[6e+03,7e+03)","[0.4,0.5)",2017-12-18~2017-12-25
583,6,6,2,"(50,Inf]","[2e+03,3e+03)","[0.1,0.2)",2017-12-18~2017-12-25
584,1,8,8,"(0,24]","[2e+03,3e+03)","[0.1,0.2)",2017-12-18~2017-12-25
585,4,3,7,"(29,41]","[2e+03,3e+03)","[0.1,0.2)",2017-12-18~2017-12-25
586,1,8,7,"(29,41]","[3e+03,4e+03)","[0.1,0.2)",2017-12-18~2017-12-25
587,5,4,8,"(24,29]","[3e+03,4e+03)","[0.1,0.2)",2017-12-18~2017-12-25
588,9,8,9,"(41,47]","[5e+03,6e+03)","[0.2,0.3)",2017-12-18~2017-12-25
589,9,8,8,"(41,47]","[5e+03,6e+03)","[0.2,0.3)",2017-12-18~2017-12-25
590,10,3,3,"(50,Inf]","[2e+03,3e+03)","[0.1,0.2)",2017-12-18~2017-12-25
591,5,10,5,"(24,29]","[3e+03,4e+03)","[0.1,0.2)",2017-12-18~2017-12-25
592,7,9,9,"(41,47]","[6e+03,7e+03)","[0.5,0.6)",2017-12-18~2017-12-25
593,9,4,5,"(29,41]","[1e+03,2e+03)","[0.1,0.2)",2017-12-18~2017-12-25
594,6,1,10,"(29,41]","[2e+03,3e+03)","[0.1,0.2)",2017-12-18~2017-12-25
595,9,4,8,"(29,41]","[8e+03,9e+03)","[0.3,0.4)",2017-12-18~2017-12-25
596,10,6,7,"(41,47]","[6e+03,7e+03)","[0.5,0.6)",2017-12-18~2017-12-25
597,6,7,9,"(29,41]","[5e+03,6e+03)","[0.2,0.3)",2017-12-18~2017-12-25
598,3,8,1,"(47,50]","[2e+03,3e+03)","[0.1,0.2)",2017-12-18~2017-12-25
599,6,3,2,"(24,29]","[4e+03,5e+03)","[0.3,0.4)",2017-12-18~2017-12-25
600,2,8,1,"(29,41]","[4e+03,5e+03)","[0.2,0.3)",2017-12-18~2017-12-25
601,9,4,1,"(29,41]","[8e+03,9e+03)","[0.4,0.5)",2017-12-18~2017-12-25
602,5,6,10,"(41,47]","[3e+03,4e+03)","[0.1,0.2)",2017-12-18~2017-12-25
603,6,5,4,"(29,41]","[3e+03,4e+03)","[0.1,0.2)",2017-12-18~2017-12-25
604,8,4,3,"(41,47]","[4e+03,5e+03)","[0.2,0.3)",2017-12-18~2017-12-25
605,6,7,8,"(29,41]","[6e+03,7e+03)","[0.2,0.3)",2017-12-18~2017-12-25
606,2,5,5,"(29,41]","[2e+03,3e+03)","[0.1,0.2)",2017-12-18~2017-12-25
607,5,2,7,"(0,24]","[6e+03,7e+03)","[0.2,0.3)",2017-12-18~2017-12-25
608,10,4,8,"(29,41]","[2e+03,3e+03)","[0.1,0.2)",2017-12-18~2017-12-25
609,1,5,10,"(29,41]","[2e+03,3e+03)","[0.1,0.2)",2017-12-18~2017-12-25
610,9,9,6,"(0,24]","[6e+03,7e+03)","[0.5,0.6)",2017-12-18~2017-12-25
611,10,4,10,"(0,24]","[6e+03,7e+03)","[0.2,0.3)",2017-12-18~2017-12-25
612,4,5,5,"(0,24]","[3e+03,4e+03)","[0.1,0.2)",2017-12-18~2017-12-25
613,2,2,10,"(0,24]","[2e+03,3e+03)","[0.1,0.2)",2017-12-18~2017-12-25
614,7,3,9,"(0,24]","[8e+03,9e+03)","[0.5,0.6)",2017-12-18~2017-12-25
615,1,5,2,"(29,41]","[8e+03,9e+03)","[0.4,0.5)",2017-12-18~2017-12-25
616,4,8,8,"(47,50]","[4e+03,5e+03)","[0.2,0.3)",2017-12-18~2017-12-25
617,9,6,2,"(0,24]","[2e+03,3e+03)","[0.1,0.2)",2017-12-18~2017-12-25
618,9,7,5,"(41,47]","[1e+03,2e+03)","[0.1,0.2)",2017-12-18~2017-12-25
619,10,2,1,"(0,24]","[3e+03,4e+03)","[0.1,0.2)",2017-12-18~2017-12-25
620,3,5,9,"(0,24]","[5e+03,6e+03)","[0.2,0.3)",2017-12-18~2017-12-25
621,1,1,5,"(0,24]","[3e+03,4e+03)","[0.1,0.2)",2017-12-18~2017-12-25
622,5,4,1,"(41,47]","[5e+03,6e+03)","[0.2,0.3)",2017-12-18~2017-12-25
623,7,4,9,"(24,29]","[9e+03,1e+04)","[0.4,0.5)",2017-12-18~2017-12-25
624,10,5,8,"(0,24]","[4e+03,5e+03)","[0.2,0.3)",2017-12-18~2017-12-25
625,10,2,7,"(29,41]","[3e+03,4e+03)","[0.1,0.2)",2017-12-18~2017-12-25
626,4,2,6,"(0,24]","[2e+03,3e+03)","[0.3,0.4)",2017-12-18~2017-12-25
627,6,5,3,"(24,29]","[3e+03,4e+03)","[0.2,0.3)",2017-12-18~2017-12-25
628,2,3,2,"(0,24]","[3e+03,4e+03)","[0.1,0.2)",2017-12-18~2017-12-25
629,7,3,6,"(0,24]","[6e+03,7e+03)","[0.3,0.4)",2017-12-18~2017-12-25
630,5,10,1,"(24,29]","[3e+03,4e+03)","[0.2,0.3)",2017-12-18~2017-12-25
631,3,1,6,"(0,24]","[2e+03,3e+03)","[0.1,0.2)",2017-12-18~2017-12-25
632,7,8,9,"(24,29]","[6e+03,7e+03)","[0.2,0.3)",2017-12-18~2017-12-25
633,3,4,8,"(29,41]","[3e+03,4e+03)","[0.1,0.2)",2017-12-18~2017-12-25
634,6,10,5,"(0,24]","[3e+03,4e+03)","[0.1,0.2)",2017-12-18~2017-12-25
635,8,5,6,"(0,24]","[9e+03,1e+04)","[0.4,0.5)",2017-12-18~2017-12-25
636,8,6,7,"(24,29]","[4e+03,5e+03)","[0.3,0.4)",2017-12-18~2017-12-25
637,10,8,4,"(29,41]","[1e+03,2e+03)","[0.1,0.2)",2017-12-18~2017-12-25
638,6,9,4,"(24,29]","[3e+03,4e+03)","[0.1,0.2)",2017-12-18~2017-12-25
639,9,1,1,"(29,41]","[2e+03,3e+03)","[0.1,0.2)",2017-12-18~2017-12-25
640,7,2,3,"(0,24]","[4e+03,5e+03)","[0.2,0.3)",2017-12-18~2017-12-25
641,4,1,3,"(0,24]","[3e+03,4e+03)","[0.1,0.2)",2017-12-18~2017-12-25
642,3,10,10,"(24,29]","[3e+03,4e+03)","[0.1,0.2)",2017-12-18~2017-12-25
643,6,9,1,"(0,24]","[5e+03,6e+03)","[0.3,0.4)",2017-12-18~2017-12-25
644,10,7,4,"(41,47]","[3e+03,4e+03)","[0.1,0.2)",2017-12-18~2017-12-25
645,9,9,10,"(29,41]","[2e+03,3e+03)","[0,0.1)",2017-12-18~2017-12-25
646,3,4,4,"(0,24]","[3e+03,4e+03)","[0.2,0.3)",2017-12-18~2017-12-25
647,2,10,7,"(47,50]","[1e+03,2e+03)","[0.2,0.3)",2017-12-18~2017-12-25
648,10,2,2,"(0,24]","[3e+03,4e+03)","[0.1,0.2)",2017-12-18~2017-12-25
649,5,1,6,"(24,29]","[1.4e+04,1.5e+04)","[0.3,0.4)",2017-12-18~2017-12-25
650,5,3,4,"(41,47]","[4e+03,5e+03)","[0.2,0.3)",2017-12-18~2017-12-25
651,2,2,2,"(29,41]","[6e+03,7e+03)","[0.2,0.3)",2017-12-18~2017-12-25
652,6,5,6,"(29,41]","[5e+03,6e+03)","[0.2,0.3)",2017-12-18~2017-12-25
653,9,4,9,"(0,24]","[6e+03,7e+03)","[0.2,0.3)",2017-12-18~2017-12-25
654,4,10,2,"(24,29]","[6e+03,7e+03)","[0.2,0.3)",2017-12-18~2017-12-25
655,4,3,4,"(24,29]","[1.4e+04,1.5e+04)","[0.3,0.4)",2017-12-18~2017-12-25
656,6,5,8,"(0,24]","[6e+03,7e+03)","[0.2,0.3)",2017-12-18~2017-12-25
657,3,7,9,"(47,50]","[1.5e+04,Inf)","[0.4,0.5)",2017-12-18~2017-12-25
658,8,9,7,"(29,41]","[6e+03,7e+03)","[0.2,0.3)",2017-12-18~2017-12-25
659,5,6,6,"(24,29]","[1.5e+04,Inf)","[0.3,0.4)",2017-12-18~2017-12-25
660,4,3,9,"(41,47]","[7e+03,8e+03)","[0.3,0.4)",2017-12-18~2017-12-25
661,7,7,1,"(50,Inf]","[1.1e+04,1.2e+04)","[0.3,0.4)",2017-12-18~2017-12-25
662,6,1,6,"(24,29]","[4e+03,5e+03)","[0.2,0.3)",2017-12-18~2017-12-25
663,3,9,4,"(0,24]","[7e+03,8e+03)","[0.5,0.6)",2017-12-18~2017-12-25
664,5,1,3,"(47,50]","[1.5e+04,Inf)","[0.6,0.7)",2017-12-18~2017-12-25
665,6,7,3,"(29,41]","[5e+03,6e+03)","[0.3,0.4)",2017-12-18~2017-12-25
666,7,7,7,"(41,47]","[1.3e+04,1.4e+04)","[0.7,1)",2017-12-18~2017-12-25
667,5,1,7,"(24,29]","[7e+03,8e+03)","[0.5,0.6)",2017-12-18~2017-12-25
668,10,10,3,"(0,24]","[8e+03,9e+03)","[0.3,0.4)",2017-12-18~2017-12-25
669,10,6,4,"(29,41]","[9e+03,1e+04)","[0.3,0.4)",2017-12-18~2017-12-25
670,10,4,6,"(0,24]","[1.2e+04,1.3e+04)","[0.3,0.4)",2017-12-18~2017-12-25
671,9,1,6,"(47,50]","[1.4e+04,1.5e+04)","[0.3,0.4)",2017-12-18~2017-12-25
672,7,5,3,"(0,24]","[7e+03,8e+03)","[0.2,0.3)",2017-12-18~2017-12-25
673,3,10,2,"(29,41]","[6e+03,7e+03)","[0.4,0.5)",2017-12-18~2017-12-25
674,4,6,4,"(0,24]","[1.3e+04,1.4e+04)","[0.4,0.5)",2017-12-18~2017-12-25
675,1,3,2,"(29,41]","[1.5e+04,Inf)","[0.6,0.7)",2017-12-18~2017-12-25
676,7,7,6,"(29,41]","[5e+03,6e+03)","[0.3,0.4)",2017-12-18~2017-12-25
677,3,5,5,"(0,24]","[4e+03,5e+03)","[0.2,0.3)",2017-12-18~2017-12-25
678,4,1,2,"(29,41]","[5e+03,6e+03)","[0.2,0.3)",2017-12-18~2017-12-25
679,4,4,3,"(29,41]","[5e+03,6e+03)","[0.2,0.3)",2017-12-18~2017-12-25
680,3,2,7,"(29,41]","[5e+03,6e+03)","[0.2,0.3)",2017-12-18~2017-12-25
681,8,6,10,"(29,41]","[6e+03,7e+03)","[0.2,0.3)",2017-12-18~2017-12-25
682,2,2,10,"(29,41]","[5e+03,6e+03)","[0.3,0.4)",2017-12-18~2017-12-25
683,6,2,10,"(24,29]","[6e+03,7e+03)","[0.2,0.3)",2017-12-18~2017-12-25
684,8,7,7,"(0,24]","[2e+03,3e+03)","[0.2,0.3)",2017-12-18~2017-12-25
685,4,10,7,"(0,24]","[4e+03,5e+03)","[0.2,0.3)",2017-12-18~2017-12-25
686,5,9,6,"(29,41]","[5e+03,6e+03)","[0.2,0.3)",2017-12-18~2017-12-25
687,4,6,9,"(29,41]","[5e+03,6e+03)","[0.2,0.3)",2017-12-18~2017-12-25
688,1,4,8,"(47,50]","[5e+03,6e+03)","[0.2,0.3)",2017-12-18~2017-12-25
689,8,7,1,"(24,29]","[5e+03,6e+03)","[0.3,0.4)",2017-12-18~2017-12-25
690,10,6,4,"(0,24]","[2e+03,3e+03)","[0.1,0.2)",2017-12-18~2017-12-25
691,2,9,1,"(41,47]","[4e+03,5e+03)","[0.2,0.3)",2017-12-18~2017-12-25
692,7,7,10,"(29,41]","[6e+03,7e+03)","[0.3,0.4)",2017-12-18~2017-12-25
693,10,10,5,"(0,24]","[6e+03,7e+03)","[0.2,0.3)",2017-12-18~2017-12-25
694,1,7,7,"(0,24]","[6e+03,7e+03)","[0.5,0.6)",2017-12-18~2017-12-25
695,1,2,5,"(0,24]","[6e+03,7e+03)","[0.2,0.3)",2017-12-18~2017-12-25
696,8,9,3,"(24,29]","[5e+03,6e+03)","[0.3,0.4)",2017-12-18~2017-12-25
697,6,4,2,"(0,24]","[7e+03,8e+03)","[0.2,0.3)",2017-12-18~2017-12-25
698,6,7,4,"(29,41]","[5e+03,6e+03)","[0.2,0.3)",2017-12-18~2017-12-25
699,9,3,1,"(0,24]","[8e+03,9e+03)","[0.4,0.5)",2017-12-18~2017-12-25
700,6,8,5,"(0,24]","[4e+03,5e+03)","[0.2,0.3)",2017-12-18~2017-12-25
701,8,6,6,"(0,24]","[4e+03,5e+03)","[0.2,0.3)",2017-12-18~2017-12-25
702,2,2,4,"(0,24]","[6e+03,7e+03)","[0.3,0.4)",2017-12-18~2017-12-25
703,2,2,9,"(0,24]","[6e+03,7e+03)","[0.2,0.3)",2017-12-18~2017-12-25
704,7,10,8,"(24,29]","[2e+03,3e+03)","[0.1,0.2)",2017-12-18~2017-12-25
705,3,1,3,"(0,24]","[6e+03,7e+03)","[0.2,0.3)",2017-12-18~2017-12-25
706,1,4,9,"(24,29]","[5e+03,6e+03)","[0.2,0.3)",2017-12-18~2017-12-25
707,10,9,6,"(29,41]","[5e+03,6e+03)","[0.2,0.3)",2017-12-18~2017-12-25
708,6,2,6,"(41,47]","[3e+03,4e+03)","[0.1,0.2)",2017-12-18~2017-12-25
709,2,2,3,"(24,29]","[5e+03,6e+03)","[0.3,0.4)",2017-12-18~2017-12-25
710,3,2,1,"(29,41]","[5e+03,6e+03)","[0.2,0.3)",2017-12-18~2017-12-25
711,5,10,8,"(0,24]","[6e+03,7e+03)","[0.4,0.5)",2017-12-18~2017-12-25
712,9,6,4,"(0,24]","[4e+03,5e+03)","[0.2,0.3)",2017-12-18~2017-12-25
713,5,8,4,"(29,41]","[4e+03,5e+03)","[0.2,0.3)",2017-12-18~2017-12-25
714,4,5,4,"(24,29]","[7e+03,8e+03)","[0.2,0.3)",2017-12-18~2017-12-25
715,9,1,4,"(0,24]","[3e+03,4e+03)","[0.1,0.2)",2017-12-18~2017-12-25
716,1,10,6,"(24,29]","[5e+03,6e+03)","[0.2,0.3)",2017-12-18~2017-12-25
717,5,7,8,"(0,24]","[6e+03,7e+03)","[0.2,0.3)",2017-12-18~2017-12-25
718,10,2,4,"(0,24]","[6e+03,7e+03)","[0.2,0.3)",2017-12-18~2017-12-25
719,5,5,7,"(41,47]","[2e+03,3e+03)","[0.1,0.2)",2017-12-18~2017-12-25
720,3,4,1,"(41,47]","[5e+03,6e+03)","[0.1,0.2)",2017-12-18~2017-12-25
721,2,8,3,"(0,24]","[4e+03,5e+03)","[0.2,0.3)",2017-12-18~2017-12-25
722,8,1,6,"(47,50]","[4e+03,5e+03)","[0.1,0.2)",2017-12-18~2017-12-25
723,8,6,4,"(29,41]","[6e+03,7e+03)","[0.1,0.2)",2017-12-18~2017-12-25
724,7,4,4,"(0,24]","[6e+03,7e+03)","[0.3,0.4)",2017-12-18~2017-12-25
725,2,1,10,"(29,41]","[5e+03,6e+03)","[0.2,0.3)",2017-12-18~2017-12-25
726,2,1,3,"(0,24]","[4e+03,5e+03)","[0.2,0.3)",2017-12-18~2017-12-25
727,8,9,2,"(29,41]","[5e+03,6e+03)","[0.3,0.4)",2017-12-18~2017-12-25
728,8,8,9,"(0,24]","[7e+03,8e+03)","[0.2,0.3)",2017-12-18~2017-12-25
729,5,2,10,"(29,41]","[5e+03,6e+03)","[0.3,0.4)",2017-12-18~2017-12-25
730,7,2,10,"(0,24]","[3e+03,4e+03)","[0.1,0.2)",2017-12-18~2017-12-25
731,5,2,3,"(24,29]","[3e+03,4e+03)","[0.1,0.2)",2017-12-18~2017-12-25
732,1,8,5,"(24,29]","[6e+03,7e+03)","[0.3,0.4)",2017-12-18~2017-12-25
733,3,5,2,"(0,24]","[5e+03,6e+03)","[0.2,0.3)",2017-12-18~2017-12-25
734,4,10,6,"(0,24]","[6e+03,7e+03)","[0.5,0.6)",2017-12-18~2017-12-25
735,10,6,9,"(29,41]","[8e+03,9e+03)","[0.5,0.6)",2017-12-18~2017-12-25
736,1,5,8,"(24,29]","[5e+03,6e+03)","[0.2,0.3)",2017-12-18~2017-12-25
737,9,1,7,"(50,Inf]","[3e+03,4e+03)","[0.1,0.2)",2017-12-18~2017-12-25
738,6,8,9,"(0,24]","[8e+03,9e+03)","[0.4,0.5)",2017-12-18~2017-12-25
739,8,10,6,"(29,41]","[1e+03,2e+03)","[0.1,0.2)",2017-12-18~2017-12-25
740,2,10,7,"(24,29]","[4e+03,5e+03)","[0.2,0.3)",2017-12-18~2017-12-25
741,10,7,5,"(0,24]","[3e+03,4e+03)","[0.1,0.2)",2017-12-18~2017-12-25
742,2,2,2,"(24,29]","[6e+03,7e+03)","[0.4,0.5)",2017-12-18~2017-12-25
743,1,10,8,"(0,24]","[3e+03,4e+03)","[0.1,0.2)",2017-12-18~2017-12-25
744,7,6,7,"(29,41]","[5e+03,6e+03)","[0.3,0.4)",2017-12-18~2017-12-25
745,5,2,7,"(29,41]","[4e+03,5e+03)","[0.2,0.3)",2017-12-18~2017-12-25
746,10,10,7,"(41,47]","[5e+03,6e+03)","[0.2,0.3)",2017-12-18~2017-12-25
747,2,7,9,"(29,41]","[4e+03,5e+03)","[0.1,0.2)",2017-12-18~2017-12-25
748,7,1,4,"(0,24]","[3e+03,4e+03)","[0.1,0.2)",2017-12-18~2017-12-25
749,6,9,4,"(24,29]","[4e+03,5e+03)","[0.2,0.3)",2017-12-18~2017-12-25
750,6,1,9,"(50,Inf]","[5e+03,6e+03)","[0.3,0.4)",2017-12-18~2017-12-25
751,9,8,2,"(29,41]","[4e+03,5e+03)","[0.2,0.3)",2017-12-18~2017-12-25
752,4,7,6,"(0,24]","[3e+03,4e+03)","[0.2,0.3)",2017-12-18~2017-12-25
753,1,1,9,"(29,41]","[4e+03,5e+03)","[0.2,0.3)",2017-12-18~2017-12-25
754,10,8,10,"(24,29]","[6e+03,7e+03)","[0.3,0.4)",2017-12-18~2017-12-25
755,1,10,2,"(29,41]","[3e+03,4e+03)","[0,0.1)",2017-12-18~2017-12-25
756,1,5,8,"(0,24]","[3e+03,4e+03)","[0,0.1)",2017-12-18~2017-12-25
757,9,3,7,"(41,47]","[7e+03,8e+03)","[0.2,0.3)",2017-12-18~2017-12-25
758,9,2,3,"(24,29]","[6e+03,7e+03)","[0.2,0.3)",2017-12-18~2017-12-25
759,5,4,2,"(24,29]","[8e+03,9e+03)","[0.3,0.4)",2017-12-18~2017-12-25
760,1,8,6,"(24,29]","[7e+03,8e+03)","[0.2,0.3)",2017-12-18~2017-12-25
761,10,9,5,"(0,24]","[7e+03,8e+03)","[0.3,0.4)",2017-12-18~2017-12-25
762,9,8,8,"(0,24]","[4e+03,5e+03)","[0.2,0.3)",2017-12-18~2017-12-25
763,4,7,6,"(29,41]","[3e+03,4e+03)","[0.2,0.3)",2017-12-18~2017-12-25
764,4,2,5,"(29,41]","[6e+03,7e+03)","[0.2,0.3)",2017-12-18~2017-12-25
765,9,8,2,"(41,47]","[5e+03,6e+03)","[0.3,0.4)",2017-12-18~2017-12-25
766,10,9,7,"(50,Inf]","[3e+03,4e+03)","[0.2,0.3)",2017-12-18~2017-12-25
767,1,4,1,"(0,24]","[6e+03,7e+03)","[0.2,0.3)",2017-12-18~2017-12-25
768,1,1,8,"(0,24]","[4e+03,5e+03)","[0.2,0.3)",2017-12-18~2017-12-25
769,3,9,10,"(0,24]","[6e+03,7e+03)","[0.4,0.5)",2017-12-18~2017-12-25
770,1,5,5,"(50,Inf]","[3e+03,4e+03)","[0.1,0.2)",2017-12-18~2017-12-25
771,6,10,4,"(24,29]","[5e+03,6e+03)","[0.2,0.3)",2017-12-18~2017-12-25
772,3,6,4,"(0,24]","[7e+03,8e+03)","[0.2,0.3)",2017-12-18~2017-12-25
773,2,2,2,"(0,24]","[1.4e+04,1.5e+04)","[0.6,0.7)",2017-12-18~2017-12-25
774,10,10,10,"(0,24]","[5e+03,6e+03)","[0.2,0.3)",2017-12-18~2017-12-25
775,1,7,1,"(0,24]","[7e+03,8e+03)","[0.2,0.3)",2017-12-18~2017-12-25
776,5,1,1,"(0,24]","[7e+03,8e+03)","[0.2,0.3)",2017-12-18~2017-12-25
777,5,4,6,"(29,41]","[8e+03,9e+03)","[0.2,0.3)",2017-12-18~2017-12-25
778,6,7,10,"(24,29]","[9e+03,1e+04)","[0.4,0.5)",2017-12-18~2017-12-25
779,10,3,3,"(24,29]","[6e+03,7e+03)","[0.2,0.3)",2017-12-18~2017-12-25
780,10,4,8,"(29,41]","[5e+03,6e+03)","[0.2,0.3)",2017-12-18~2017-12-25
781,5,5,1,"(24,29]","[7e+03,8e+03)","[0.2,0.3)",2017-12-18~2017-12-25
782,7,3,9,"(41,47]","[6e+03,7e+03)","[0.2,0.3)",2017-12-18~2017-12-25
783,6,2,1,"(29,41]","[7e+03,8e+03)","[0.3,0.4)",2017-12-18~2017-12-25
784,10,10,6,"(29,41]","[8e+03,9e+03)","[0.3,0.4)",2017-12-18~2017-12-25
785,1,3,7,"(0,24]","[3e+03,4e+03)","[0,0.1)",2017-12-18~2017-12-25
786,1,7,1,"(24,29]","[8e+03,9e+03)","[0.3,0.4)",2017-12-18~2017-12-25
787,3,3,6,"(41,47]","[3e+03,4e+03)","[0.2,0.3)",2017-12-18~2017-12-25
788,9,5,1,"(0,24]","[7e+03,8e+03)","[0.2,0.3)",2017-12-18~2017-12-25
789,8,8,9,"(24,29]","[4e+03,5e+03)","[0.2,0.3)",2017-12-18~2017-12-25
790,10,4,9,"(0,24]","[1.2e+04,1.3e+04)","[0.5,0.6)",2017-12-18~2017-12-25
791,5,7,7,"(29,41]","[7e+03,8e+03)","[0.2,0.3)",2017-12-18~2017-12-25
792,8,9,5,"(24,29]","[1.3e+04,1.4e+04)","[0.5,0.6)",2017-12-18~2017-12-25
793,3,7,6,"(29,41]","[9e+03,1e+04)","[0.3,0.4)",2017-12-18~2017-12-25
794,1,5,4,"(0,24]","[8e+03,9e+03)","[0.2,0.3)",2017-12-18~2017-12-25
795,8,5,2,"(47,50]","[3e+03,4e+03)","[0.2,0.3)",2017-12-18~2017-12-25
796,8,2,6,"(0,24]","[8e+03,9e+03)","[0.3,0.4)",2017-12-18~2017-12-25
797,8,5,7,"(29,41]","[4e+03,5e+03)","[0.2,0.3)",2017-12-18~2017-12-25
798,8,1,7,"(24,29]","[7e+03,8e+03)","[0.3,0.4)",2017-12-18~2017-12-25
799,8,9,5,"(0,24]","[5e+03,6e+03)","[0.2,0.3)",2017-12-18~2017-12-25
800,2,5,8,"(0,24]","[3e+03,4e+03)","[0.1,0.2)",2017-12-18~2017-12-25
801,7,2,2,"(0,24]","[3e+03,4e+03)","[0.1,0.2)",2017-12-18~2017-12-25
802,4,2,7,"(29,41]","[6e+03,7e+03)","[0.2,0.3)",2017-12-18~2017-12-25
803,4,7,1,"(24,29]","[3e+03,4e+03)","[0,0.1)",2017-12-18~2017-12-25
804,4,2,6,"(29,41]","[3e+03,4e+03)","[0.2,0.3)",2017-12-18~2017-12-25
805,4,9,10,"(0,24]","[3e+03,4e+03)","[0.1,0.2)",2017-12-18~2017-12-25
806,7,4,5,"(0,24]","[8e+03,9e+03)","[0.5,0.6)",2017-12-18~2017-12-25
807,9,9,3,"(24,29]","[3e+03,4e+03)","[0.2,0.3)",2017-12-18~2017-12-25
808,7,9,7,"(29,41]","[6e+03,7e+03)","[0.2,0.3)",2017-12-18~2017-12-25
809,7,2,2,"(29,41]","[3e+03,4e+03)","[0.1,0.2)",2017-12-18~2017-12-25
810,4,2,4,"(0,24]","[6e+03,7e+03)","[0.3,0.4)",2017-12-18~2017-12-25
811,9,10,3,"(41,47]","[8e+03,9e+03)","[0.6,0.7)",2017-12-18~2017-12-25
812,9,8,2,"(24,29]","[3e+03,4e+03)","[0.2,0.3)",2017-12-18~2017-12-25
813,5,8,4,"(29,41]","[6e+03,7e+03)","[0.2,0.3)",2017-12-18~2017-12-25
814,5,3,10,"(0,24]","[4e+03,5e+03)","[0.2,0.3)",2017-12-18~2017-12-25
815,10,6,6,"(29,41]","[7e+03,8e+03)","[0.2,0.3)",2017-12-18~2017-12-25
816,4,4,4,"(29,41]","[6e+03,7e+03)","[0.2,0.3)",2017-12-18~2017-12-25
817,2,4,8,"(24,29]","[3e+03,4e+03)","[0.1,0.2)",2017-12-18~2017-12-25
818,4,6,4,"(29,41]","[6e+03,7e+03)","[0.2,0.3)",2017-12-18~2017-12-25
819,5,8,2,"(24,29]","[5e+03,6e+03)","[0.3,0.4)",2017-12-18~2017-12-25
820,6,10,8,"(0,24]","[6e+03,7e+03)","[0.3,0.4)",2017-12-18~2017-12-25
821,10,9,7,"(29,41]","[5e+03,6e+03)","[0.2,0.3)",2017-12-18~2017-12-25
822,2,8,3,"(29,41]","[4e+03,5e+03)","[0.2,0.3)",2017-12-18~2017-12-25
823,8,3,1,"(24,29]","[3e+03,4e+03)","[0.2,0.3)",2017-12-18~2017-12-25
824,3,10,8,"(24,29]","[3e+03,4e+03)","[0.1,0.2)",2017-12-18~2017-12-25
825,7,9,2,"(0,24]","[5e+03,6e+03)","[0.2,0.3)",2017-12-18~2017-12-25
826,5,3,6,"(41,47]","[5e+03,6e+03)","[0.2,0.3)",2017-12-18~2017-12-25
827,3,3,5,"(0,24]","[3e+03,4e+03)","[0.1,0.2)",2017-12-18~2017-12-25
828,6,8,4,"(41,47]","[5e+03,6e+03)","[0.2,0.3)",2017-12-18~2017-12-25
829,1,1,10,"(0,24]","[6e+03,7e+03)","[0.4,0.5)",2017-12-18~2017-12-25
830,7,8,10,"(0,24]","[8e+03,9e+03)","[0.4,0.5)",2017-12-18~2017-12-25
831,8,5,7,"(0,24]","[6e+03,7e+03)","[0.3,0.4)",2017-12-18~2017-12-25
832,8,8,8,"(29,41]","[4e+03,5e+03)","[0.2,0.3)",2017-12-18~2017-12-25
833,2,1,6,"(29,41]","[4e+03,5e+03)","[0.2,0.3)",2017-12-18~2017-12-25
834,8,4,1,"(24,29]","[6e+03,7e+03)","[0.5,0.6)",2017-12-18~2017-12-25
835,3,10,8,"(24,29]","[5e+03,6e+03)","[0.2,0.3)",2017-12-18~2017-12-25
836,4,3,7,"(0,24]","[3e+03,4e+03)","[0.1,0.2)",2017-12-18~2017-12-25
837,8,10,8,"(24,29]","[5e+03,6e+03)","[0.1,0.2)",2017-12-18~2017-12-25
838,2,2,10,"(0,24]","[3e+03,4e+03)","[0.1,0.2)",2017-12-18~2017-12-25
839,7,8,1,"(0,24]","[9e+03,1e+04)","[0.4,0.5)",2017-12-18~2017-12-25
840,10,1,6,"(24,29]","[6e+03,7e+03)","[0.2,0.3)",2017-12-18~2017-12-25
841,4,7,8,"(29,41]","[3e+03,4e+03)","[0.1,0.2)",2017-12-18~2017-12-25
842,10,6,3,"(29,41]","[5e+03,6e+03)","[0.2,0.3)",2017-12-18~2017-12-25
843,3,4,3,"(0,24]","[4e+03,5e+03)","[0.2,0.3)",2017-12-18~2017-12-25
844,8,7,10,"(0,24]","[8e+03,9e+03)","[0.2,0.3)",2017-12-18~2017-12-25
845,9,9,1,"(0,24]","[5e+03,6e+03)","[0.3,0.4)",2017-12-18~2017-12-25
846,8,3,9,"(0,24]","[3e+03,4e+03)","[0.1,0.2)",2017-12-18~2017-12-25
847,10,4,5,"(29,41]","[4e+03,5e+03)","[0.2,0.3)",2017-12-18~2017-12-25
848,9,9,8,"(24,29]","[2e+03,3e+03)","[0.2,0.3)",2017-12-18~2017-12-25
849,7,6,7,"(29,41]","[5e+03,6e+03)","[0.2,0.3)",2017-12-18~2017-12-25
850,10,1,10,"(47,50]","[5e+03,6e+03)","[0.4,0.5)",2017-12-18~2017-12-25
851,2,10,5,"(41,47]","[2e+03,3e+03)","[0.1,0.2)",2017-12-18~2017-12-25
852,5,8,9,"(0,24]","[6e+03,7e+03)","[0.2,0.3)",2017-12-18~2017-12-25
853,3,1,9,"(24,29]","[7e+03,8e+03)","[0.3,0.4)",2017-12-18~2017-12-25
854,3,9,10,"(24,29]","[4e+03,5e+03)","[0.2,0.3)",2017-12-18~2017-12-25
855,1,6,5,"(0,24]","[3e+03,4e+03)","[0.1,0.2)",2017-12-18~2017-12-25
856,7,4,9,"(41,47]","[3e+03,4e+03)","[0.1,0.2)",2017-12-18~2017-12-25
857,9,6,9,"(50,Inf]","[3e+03,4e+03)","[0.2,0.3)",2017-12-18~2017-12-25
858,1,10,8,"(24,29]","[5e+03,6e+03)","[0.1,0.2)",2017-12-18~2017-12-25
859,4,5,9,"(0,24]","[6e+03,7e+03)","[0.2,0.3)",2017-12-18~2017-12-25
860,1,6,8,"(24,29]","[4e+03,5e+03)","[0.2,0.3)",2017-12-18~2017-12-25
861,9,10,7,"(24,29]","[3e+03,4e+03)","[0.1,0.2)",2017-12-18~2017-12-25
862,4,9,2,"(24,29]","[7e+03,8e+03)","[0.1,0.2)",2017-12-18~2017-12-25
863,8,7,6,"(24,29]","[4e+03,5e+03)","[0.2,0.3)",2017-12-18~2017-12-25
864,7,2,9,"(0,24]","[5e+03,6e+03)","[0.3,0.4)",2017-12-18~2017-12-25
865,4,7,5,"(29,41]","[3e+03,4e+03)","[0.2,0.3)",2017-12-18~2017-12-25
866,6,4,4,"(29,41]","[6e+03,7e+03)","[0.2,0.3)",2017-12-18~2017-12-25
867,10,3,6,"(0,24]","[2e+03,3e+03)","[0.2,0.3)",2017-12-18~2017-12-25
868,2,6,3,"(24,29]","[6e+03,7e+03)","[0.2,0.3)",2017-12-18~2017-12-25
869,2,1,3,"(0,24]","[3e+03,4e+03)","[0.1,0.2)",2017-12-18~2017-12-25
870,5,8,10,"(24,29]","[3e+03,4e+03)","[0.1,0.2)",2017-12-18~2017-12-25
871,10,6,2,"(0,24]","[4e+03,5e+03)","[0.2,0.3)",2017-12-18~2017-12-25
872,6,1,1,"(29,41]","[8e+03,9e+03)","[0.4,0.5)",2017-12-18~2017-12-25
873,3,4,7,"(0,24]","[8e+03,9e+03)","[0.3,0.4)",2017-12-18~2017-12-25
874,3,5,2,"(24,29]","[8e+03,9e+03)","[0.4,0.5)",2017-12-18~2017-12-25
875,8,1,4,"(29,41]","[8e+03,9e+03)","[0.5,0.6)",2017-12-18~2017-12-25
876,5,10,3,"(29,41]","[2e+03,3e+03)","[0.1,0.2)",2017-12-18~2017-12-25
877,10,7,3,"(24,29]","[8e+03,9e+03)","[0.3,0.4)",2017-12-18~2017-12-25
878,6,9,10,"(47,50]","[4e+03,5e+03)","[0.2,0.3)",2017-12-18~2017-12-25
879,2,4,5,"(24,29]","[5e+03,6e+03)","[0.2,0.3)",2017-12-18~2017-12-25
880,6,2,6,"(0,24]","[2e+03,3e+03)","[0.1,0.2)",2017-12-18~2017-12-25
881,7,6,8,"(47,50]","[5e+03,6e+03)","[0.4,0.5)",2017-12-18~2017-12-25
882,10,7,10,"(24,29]","[6e+03,7e+03)","[0.4,0.5)",2017-12-18~2017-12-25
883,4,8,4,"(24,29]","[3e+03,4e+03)","[0,0.1)",2017-12-18~2017-12-25
884,6,1,9,"(0,24]","[2e+03,3e+03)","[0.3,0.4)",2017-12-18~2017-12-25
885,7,5,1,"(24,29]","[4e+03,5e+03)","[0.2,0.3)",2017-12-18~2017-12-25
886,10,6,5,"(0,24]","[4e+03,5e+03)","[0.1,0.2)",2017-12-18~2017-12-25
887,8,8,7,"(24,29]","[3e+03,4e+03)","[0.1,0.2)",2017-12-18~2017-12-25
888,9,1,10,"(41,47]","[5e+03,6e+03)","[0.3,0.4)",2017-12-18~2017-12-25
889,1,10,5,"(29,41]","[3e+03,4e+03)","[0.2,0.3)",2017-12-18~2017-12-25
890,7,10,6,"(29,41]","[3e+03,4e+03)","[0.1,0.2)",2017-12-18~2017-12-25
891,9,5,5,"(0,24]","[9e+03,1e+04)","[0.3,0.4)",2017-12-18~2017-12-25
892,8,10,3,"(24,29]","[8e+03,9e+03)","[0.6,0.7)",2017-12-18~2017-12-25
893,6,7,10,"(0,24]","[3e+03,4e+03)","[0.1,0.2)",2017-12-18~2017-12-25
894,9,8,6,"(0,24]","[6e+03,7e+03)","[0.3,0.4)",2017-12-18~2017-12-25
895,8,8,5,"(29,41]","[6e+03,7e+03)","[0.3,0.4)",2017-12-18~2017-12-25
896,5,8,7,"(0,24]","[8e+03,9e+03)","[0.5,0.6)",2017-12-18~2017-12-25
897,3,9,5,"(41,47]","[3e+03,4e+03)","[0.1,0.2)",2017-12-18~2017-12-25
898,6,7,6,"(29,41]","[9e+03,1e+04)","[0.3,0.4)",2017-12-18~2017-12-25
899,10,2,8,"(24,29]","[3e+03,4e+03)","[0.1,0.2)",2017-12-18~2017-12-25
900,9,9,10,"(24,29]","[6e+03,7e+03)","[0.3,0.4)",2017-12-18~2017-12-25
901,9,4,5,"(29,41]","[4e+03,5e+03)","[0.2,0.3)",2017-12-18~2017-12-25
902,6,10,7,"(0,24]","[5e+03,6e+03)","[0.3,0.4)",2017-12-18~2017-12-25
903,8,10,8,"(0,24]","[3e+03,4e+03)","[0.1,0.2)",2017-12-18~2017-12-25
904,10,7,1,"(0,24]","[4e+03,5e+03)","[0.2,0.3)",2017-12-18~2017-12-25
905,5,3,9,"(29,41]","[3e+03,4e+03)","[0.1,0.2)",2017-12-18~2017-12-25
906,10,3,2,"(0,24]","[6e+03,7e+03)","[0.2,0.3)",2017-12-18~2017-12-25
907,8,5,4,"(24,29]","[3e+03,4e+03)","[0.2,0.3)",2017-12-18~2017-12-25
908,2,5,5,"(24,29]","[3e+03,4e+03)","[0.2,0.3)",2017-12-18~2017-12-25
909,6,2,3,"(41,47]","[5e+03,6e+03)","[0.2,0.3)",2017-12-18~2017-12-25
910,2,8,3,"(41,47]","[5e+03,6e+03)","[0.2,0.3)",2017-12-18~2017-12-25
911,9,6,3,"(29,41]","[6e+03,7e+03)","[0.4,0.5)",2017-12-18~2017-12-25
912,3,1,7,"(0,24]","[3e+03,4e+03)","[0.1,0.2)",2017-12-18~2017-12-25
913,5,1,9,"(41,47]","[1e+03,2e+03)","[0.1,0.2)",2017-12-18~2017-12-25
914,4,2,3,"(24,29]","[8e+03,9e+03)","[0.3,0.4)",2017-12-18~2017-12-25
915,5,6,9,"(0,24]","[6e+03,7e+03)","[0.5,0.6)",2017-12-18~2017-12-25
916,7,3,6,"(47,50]","[5e+03,6e+03)","[0.3,0.4)",2017-12-18~2017-12-25
917,9,10,4,"(0,24]","[4e+03,5e+03)","[0.2,0.3)",2017-12-18~2017-12-25
918,7,5,1,"(41,47]","[4e+03,5e+03)","[0.2,0.3)",2017-12-18~2017-12-25
919,10,9,2,"(0,24]","[4e+03,5e+03)","[0.2,0.3)",2017-12-18~2017-12-25
920,9,2,7,"(29,41]","[3e+03,4e+03)","[0.1,0.2)",2017-12-18~2017-12-25
921,5,2,6,"(24,29]","[6e+03,7e+03)","[0.3,0.4)",2017-12-18~2017-12-25
922,6,5,3,"(0,24]","[4e+03,5e+03)","[0.2,0.3)",2017-12-18~2017-12-25
923,2,6,5,"(29,41]","[2e+03,3e+03)","[0.2,0.3)",2017-12-18~2017-12-25
924,7,7,2,"(24,29]","[2e+03,3e+03)","[0.1,0.2)",2017-12-18~2017-12-25
925,6,6,9,"(24,29]","[4e+03,5e+03)","[0.2,0.3)",2017-12-18~2017-12-25
926,6,1,10,"(24,29]","[4e+03,5e+03)","[0.2,0.3)",2017-12-18~2017-12-25
927,3,3,4,"(0,24]","[4e+03,5e+03)","[0.2,0.3)",2017-12-18~2017-12-25
928,10,4,10,"(0,24]","[1e+03,2e+03)","[0.1,0.2)",2017-12-18~2017-12-25
929,1,3,1,"(29,41]","[6e+03,7e+03)","[0.2,0.3)",2017-12-18~2017-12-25
930,7,8,8,"(24,29]","[3e+03,4e+03)","[0.1,0.2)",2017-12-18~2017-12-25
931,5,3,5,"(0,24]","[6e+03,7e+03)","[0.2,0.3)",2017-12-18~2017-12-25
932,7,5,1,"(41,47]","[3e+03,4e+03)","[0.2,0.3)",2017-12-18~2017-12-25
933,7,1,8,"(41,47]","[1e+03,2e+03)","[0.1,0.2)",2017-12-18~2017-12-25
934,9,4,8,"(0,24]","[5e+03,6e+03)","[0.2,0.3)",2017-12-18~2017-12-25
935,7,1,7,"(24,29]","[6e+03,7e+03)","[0.3,0.4)",2017-12-18~2017-12-25
936,8,6,4,"(0,24]","[5e+03,6e+03)","[0.2,0.3)",2017-12-18~2017-12-25
937,3,1,5,"(24,29]","[4e+03,5e+03)","[0.2,0.3)",2017-12-18~2017-12-25
938,6,4,10,"(24,29]","[4e+03,5e+03)","[0.2,0.3)",2017-12-18~2017-12-25
939,1,4,10,"(0,24]","[5e+03,6e+03)","[0.2,0.3)",2017-12-18~2017-12-25
940,9,6,10,"(24,29]","[6e+03,7e+03)","[0.3,0.4)",2017-12-18~2017-12-25
941,2,7,10,"(0,24]","[4e+03,5e+03)","[0.2,0.3)",2017-12-18~2017-12-25
942,10,2,7,"(0,24]","[8e+03,9e+03)","[0.3,0.4)",2017-12-18~2017-12-25
943,3,9,7,"(41,47]","[3e+03,4e+03)","[0.1,0.2)",2017-12-18~2017-12-25
944,10,2,3,"(24,29]","[9e+03,1e+04)","[0.5,0.6)",2017-12-18~2017-12-25
945,10,3,5,"(0,24]","[4e+03,5e+03)","[0.2,0.3)",2017-12-18~2017-12-25
946,1,1,2,"(0,24]","[4e+03,5e+03)","[0.2,0.3)",2017-12-18~2017-12-25
947,4,1,9,"(0,24]","[4e+03,5e+03)","[0.2,0.3)",2017-12-18~2017-12-25
948,10,3,9,"(0,24]","[5e+03,6e+03)","[0.3,0.4)",2017-12-18~2017-12-25
949,6,7,6,"(24,29]","[5e+03,6e+03)","[0.2,0.3)",2017-12-18~2017-12-25
950,8,8,9,"(29,41]","[6e+03,7e+03)","[0.3,0.4)",2017-12-18~2017-12-25
951,10,3,10,"(0,24]","[6e+03,7e+03)","[0.2,0.3)",2017-12-18~2017-12-25
952,7,10,8,"(24,29]","[2e+03,3e+03)","[0.3,0.4)",2017-12-18~2017-12-25
953,4,7,4,"(29,41]","[2e+03,3e+03)","[0.1,0.2)",2017-12-18~2017-12-25
954,5,10,7,"(41,47]","[3e+03,4e+03)","[0.1,0.2)",2017-12-18~2017-12-25
955,6,1,1,"(0,24]","[2e+03,3e+03)","[0.1,0.2)",2017-12-18~2017-12-25
956,9,2,7,"(0,24]","[4e+03,5e+03)","[0.1,0.2)",2017-12-18~2017-12-25
957,1,8,1,"(29,41]","[3e+03,4e+03)","[0.4,0.5)",2017-12-18~2017-12-25
958,6,3,4,"(29,41]","[5e+03,6e+03)","[0.2,0.3)",2017-12-18~2017-12-25
959,5,6,7,"(24,29]","[4e+03,5e+03)","[0.2,0.3)",2017-12-18~2017-12-25
960,1,7,5,"(0,24]","[3e+03,4e+03)","[0.1,0.2)",2017-12-18~2017-12-25
961,4,5,10,"(0,24]","[9e+03,1e+04)","[0.6,0.7)",2017-12-18~2017-12-25
962,4,7,4,"(0,24]","[5e+03,6e+03)","[0.4,0.5)",2017-12-18~2017-12-25
963,4,8,1,"(0,24]","[4e+03,5e+03)","[0.2,0.3)",2017-12-18~2017-12-25
964,3,5,10,"(29,41]","[4e+03,5e+03)","[0.2,0.3)",2017-12-18~2017-12-25
965,3,2,10,"(41,47]","[3e+03,4e+03)","[0.2,0.3)",2017-12-18~2017-12-25
966,9,1,4,"(29,41]","[4e+03,5e+03)","[0.2,0.3)",2017-12-18~2017-12-25
967,3,4,8,"(0,24]","[6e+03,7e+03)","[0.3,0.4)",2017-12-18~2017-12-25
968,7,5,9,"(0,24]","[4e+03,5e+03)","[0.2,0.3)",2017-12-18~2017-12-25
969,10,7,4,"(0,24]","[8e+03,9e+03)","[0.3,0.4)",2017-12-18~2017-12-25
970,10,2,10,"(29,41]","[6e+03,7e+03)","[0.2,0.3)",2017-12-18~2017-12-25
971,5,1,10,"(41,47]","[3e+03,4e+03)","[0.1,0.2)",2017-12-18~2017-12-25
972,7,10,3,"(29,41]","[2e+03,3e+03)","[0.1,0.2)",2017-12-18~2017-12-25
973,8,5,8,"(0,24]","[6e+03,7e+03)","[0.4,0.5)",2017-12-18~2017-12-25
974,9,10,10,"(24,29]","[6e+03,7e+03)","[0.2,0.3)",2017-12-18~2017-12-25
975,10,1,5,"(29,41]","[5e+03,6e+03)","[0.2,0.3)",2017-12-18~2017-12-25
976,9,2,5,"(41,47]","[4e+03,5e+03)","[0.2,0.3)",2017-12-18~2017-12-25
977,6,8,8,"(24,29]","[6e+03,7e+03)","[0.2,0.3)",2017-12-18~2017-12-25
978,6,5,1,"(0,24]","[6e+03,7e+03)","[0.1,0.2)",2017-12-18~2017-12-25
979,4,4,9,"(29,41]","[4e+03,5e+03)","[0.2,0.3)",2017-12-18~2017-12-25
980,6,4,3,"(24,29]","[4e+03,5e+03)","[0.1,0.2)",2017-12-18~2017-12-25
981,1,2,5,"(0,24]","[6e+03,7e+03)","[0.3,0.4)",2017-12-18~2017-12-25
982,7,3,1,"(0,24]","[6e+03,7e+03)","[0.3,0.4)",2017-12-18~2017-12-25
983,4,6,7,"(0,24]","[4e+03,5e+03)","[0.1,0.2)",2017-12-18~2017-12-25
984,1,10,8,"(50,Inf]","[4e+03,5e+03)","[0.2,0.3)",2017-12-18~2017-12-25
985,7,5,1,"(29,41]","[4e+03,5e+03)","[0.3,0.4)",2017-12-18~2017-12-25
986,6,1,1,"(0,24]","[6e+03,7e+03)","[0.3,0.4)",2017-12-18~2017-12-25
987,7,5,10,"(24,29]","[4e+03,5e+03)","[0.2,0.3)",2017-12-18~2017-12-25
988,3,8,2,"(24,29]","[6e+03,7e+03)","[0.4,0.5)",2017-12-18~2017-12-25
989,1,4,6,"(0,24]","[7e+03,8e+03)","[0.3,0.4)",2017-12-18~2017-12-25
990,9,7,5,"(0,24]","[5e+03,6e+03)","[0.2,0.3)",2017-12-18~2017-12-25
991,5,3,8,"(41,47]","[5e+03,6e+03)","[0.2,0.3)",2017-12-18~2017-12-25
992,6,1,10,"(0,24]","[3e+03,4e+03)","[0,0.1)",2017-12-18~2017-12-25
993,8,4,1,"(41,47]","[3e+03,4e+03)","[0.1,0.2)",2017-12-18~2017-12-25
994,6,5,6,"(24,29]","[6e+03,7e+03)","[0.2,0.3)",2017-12-18~2017-12-25
995,1,4,9,"(0,24]","[8e+03,9e+03)","[0.3,0.4)",2017-12-18~2017-12-25
996,1,8,6,"(29,41]","[4e+03,5e+03)","[0.1,0.2)",2017-12-18~2017-12-25
997,10,2,4,"(24,29]","[5e+03,6e+03)","[0.3,0.4)",2017-12-18~2017-12-25
998,4,3,7,"(0,24]","[3e+03,4e+03)","[0.1,0.2)",2017-12-18~2017-12-25
999,9,6,9,"(0,24]","[5e+03,6e+03)","[0.3,0.4)",2017-12-18~2017-12-25
1000,6,6,7,"(24,29]","[4e+03,5e+03)","[0.1,0.2)",2017-12-18~2017-12-25
